Timestamp,relativeTime,RPM,IsTestRunning
16:12:02,00:00,0,false
16:12:03,00:01,0,false
16:12:04,00:02,0,false
16:12:05,00:03,0,false
16:12:06,00:04,0,false
16:12:07,00:05,0,false
16:12:08,00:06,0,false
16:12:09,00:07,0,false
16:12:10,00:08,0,false
16:12:11,00:09,0,false
16:12:12,00:10,0,false
16:12:13,00:11,0,false
16:12:14,00:12,0,true
16:12:15,00:13,0,true
16:12:16,00:14,0,true
16:12:17,00:15,0,true
16:12:18,00:16,0,true
16:12:19,00:17,0,true
16:12:20,00:18,0,true
16:12:21,00:19,0,true
16:12:22,00:20,0,true
16:12:23,00:21,0,true
16:12:24,00:22,0,true
16:12:25,00:23,0,true
16:12:26,00:24,0,true
16:12:27,00:25,0,true
16:12:28,00:26,0,true
16:12:29,00:27,0,true
16:12:30,00:28,0,true
16:12:31,00:29,0,true
16:12:32,00:30,0,true
16:12:33,00:31,0,true
16:12:34,00:32,0,true
16:12:35,00:33,0,true
16:12:36,00:34,0,true
16:12:37,00:35,0,true
16:12:38,00:36,0,true
16:12:39,00:37,0,true
16:12:40,00:38,0,true
16:12:41,00:39,0,true
16:12:42,00:40,0,true
16:12:43,00:41,0,true
16:12:44,00:42,0,true
16:12:45,00:43,0,true
16:12:46,00:44,0,true
16:12:47,00:45,0,true
16:12:48,00:46,0,true
16:12:49,00:47,0,true
16:12:50,00:48,0,true
16:12:51,00:49,0,true
16:12:52,00:50,0,true
16:12:53,00:51,0,true
16:12:54,00:52,0,true
16:12:55,00:53,0,true
16:12:56,00:54,0,true
16:12:57,00:55,0,true
16:12:58,00:56,0,true
16:12:59,00:57,0,true
16:13:00,00:58,0,true
16:13:01,00:59,0,true
16:13:02,01:00,0,true
16:13:03,01:01,0,true
16:13:04,01:02,0,true
16:13:05,01:03,0,true
16:13:06,01:04,0,true
16:13:07,01:05,0,true
16:13:08,01:06,0,true
16:13:09,01:07,0,true
16:13:10,01:08,0,true
16:13:11,01:09,0,true
16:13:12,01:10,0,true
16:13:13,01:11,0,true
16:13:14,01:12,0,true
16:13:15,01:13,0,true
16:13:16,01:14,0,true
16:13:17,01:15,0,true
16:13:18,01:16,0,true
16:13:19,01:17,0,true
16:13:20,01:18,0,true
16:13:21,01:19,0,true
16:13:22,01:20,0,true
16:13:23,01:21,0,true
16:13:24,01:22,0,true
16:13:25,01:23,0,true
16:13:26,01:24,0,true
16:13:27,01:25,0,true
16:13:28,01:26,0,true
16:13:29,01:27,0,true
16:13:30,01:28,0,true
16:13:31,01:29,0,true
16:13:32,01:30,0,true
16:13:33,01:31,0,true
16:13:34,01:32,0,true
16:13:35,01:33,0,true
16:13:36,01:34,0,true
16:13:37,01:35,0,true
16:13:38,01:36,0,true
16:13:39,01:37,0,true
16:13:40,01:38,0,true
16:13:41,01:39,0,true
16:13:42,01:40,0,true
16:13:43,01:41,0,true
16:13:44,01:42,0,true
16:13:45,01:43,0,true
16:13:46,01:44,0,true
16:13:47,01:45,0,true
16:13:48,01:46,0,true
16:13:49,01:47,0,true
16:13:50,01:48,0,true
16:13:51,01:49,0,true
16:13:52,01:50,0,true
16:13:53,01:51,0,true
16:13:54,01:52,0,true
16:13:55,01:53,0,true
16:13:56,01:54,0,true
16:13:57,01:55,0,true
16:13:58,01:56,0,true
16:13:59,01:57,0,true
16:14:00,01:58,0,true
16:14:01,01:59,0,true
16:14:02,02:00,0,true
16:14:03,02:01,0,true
16:14:04,02:02,0,true
16:14:05,02:03,0,true
16:14:06,02:04,0,true
16:14:07,02:05,0,true
16:14:08,02:06,0,true
16:14:09,02:07,0,true
16:14:10,02:08,0,true
16:14:11,02:09,0,true
16:14:12,02:10,0,true
16:14:13,02:11,0,true
16:14:14,02:12,0,true
16:14:15,02:13,0,true
16:14:16,02:14,0,true
16:14:17,02:15,0,true
16:14:18,02:16,0,true
16:14:19,02:17,0,true
16:14:20,02:18,0,true
16:14:21,02:19,0,true
16:14:22,02:20,0,true
16:14:23,02:21,0,true
16:14:24,02:22,0,true
16:14:25,02:23,0,true
16:14:26,02:24,0,true
16:14:27,02:25,0,true
16:14:28,02:26,0,true
16:14:29,02:27,0,true
16:14:30,02:28,0,true
16:14:31,02:29,0,true
16:14:32,02:30,0,true
16:14:33,02:31,0,true
16:14:34,02:32,0,true
16:14:35,02:33,0,true
16:14:36,02:34,0,true
16:14:37,02:35,0,true
16:14:38,02:36,0,true
16:14:39,02:37,0,true
16:14:40,02:38,0,true
16:14:41,02:39,0,true
16:14:42,02:40,0,true
16:14:43,02:41,0,true
16:14:44,02:42,0,true
16:14:45,02:43,0,true
16:14:46,02:44,0,true
16:14:47,02:45,0,true
16:14:48,02:46,0,true
16:14:49,02:47,0,true
16:14:50,02:48,0,true
16:14:51,02:49,0,true
16:14:52,02:50,0,true
16:14:53,02:51,0,true
16:14:54,02:52,0,true
16:14:55,02:53,0,true
16:14:56,02:54,0,true
16:14:57,02:55,0,true
16:14:58,02:56,0,true
16:14:59,02:57,0,true
16:15:00,02:58,0,true
16:15:01,02:59,0,true
16:15:02,03:00,0,true
16:15:03,03:01,0,true
16:15:04,03:02,0,true
16:15:05,03:03,0,true
16:15:06,03:04,0,true
16:15:07,03:05,0,true
16:15:08,03:06,0,true
16:15:09,03:07,0,true
16:15:10,03:08,0,true
16:15:11,03:09,0,true
16:15:12,03:10,0,true
16:15:13,03:11,0,true
16:15:14,03:12,0,true
16:15:15,03:13,0,true
16:15:16,03:14,0,true
16:15:17,03:15,0,true
16:15:18,03:16,0,true
16:15:19,03:17,0,true
16:15:20,03:18,0,true
16:15:21,03:19,0,true
16:15:22,03:20,0,true
16:15:23,03:21,0,true
16:15:24,03:22,0,true
16:15:25,03:23,0,true
16:15:26,03:24,0,true
16:15:27,03:25,0,true
16:15:28,03:26,0,true
16:15:29,03:27,0,true
16:15:30,03:28,0,true
16:15:31,03:29,0,true
16:15:32,03:30,0,true
16:15:33,03:31,0,true
16:15:34,03:32,0,true
16:15:35,03:33,0,true
16:15:36,03:34,0,true
16:15:37,03:35,0,true
16:15:38,03:36,0,true
16:15:39,03:37,0,true
16:15:40,03:38,0,true
16:15:41,03:39,0,true
16:15:42,03:40,0,true
16:15:43,03:41,0,true
16:15:44,03:42,0,true
16:15:45,03:43,0,true
16:15:46,03:44,0,true
16:15:47,03:45,0,true
16:15:48,03:46,0,true
16:15:49,03:47,0,true
16:15:50,03:48,0,true
16:15:51,03:49,0,true
16:15:52,03:50,0,true
16:15:53,03:51,0,true
16:15:54,03:52,0,true
16:15:55,03:53,0,true
16:15:56,03:54,0,true
16:15:57,03:55,0,true
16:15:58,03:56,0,true
16:15:59,03:57,0,true
16:16:00,03:58,0,true
16:16:01,03:59,0,true
16:16:02,04:00,0,true
16:16:03,04:01,0,true
16:16:04,04:02,0,true
16:16:05,04:03,0,true
16:16:06,04:04,0,true
16:16:07,04:05,0,true
16:16:08,04:06,0,true
16:16:09,04:07,0,true
16:16:10,04:08,0,true
16:16:11,04:09,0,true
16:16:12,04:10,0,true
16:16:13,04:11,0,true
16:16:14,04:12,0,true
16:16:15,04:13,0,true
16:16:16,04:14,0,true
16:16:17,04:15,0,true
16:16:18,04:16,0,true
16:16:19,04:17,0,true
16:16:20,04:18,0,true
16:16:21,04:19,0,true
16:16:22,04:20,0,true
16:16:23,04:21,0,true
16:16:24,04:22,0,true
16:16:25,04:23,0,true
16:16:26,04:24,0,true
16:16:27,04:25,0,true
16:16:28,04:26,0,true
16:16:29,04:27,0,true
16:16:30,04:28,0,true
16:16:31,04:29,0,true
16:16:32,04:30,0,true
16:16:33,04:31,0,true
16:16:34,04:32,0,true
16:16:35,04:33,0,true
16:16:36,04:34,0,true
16:16:37,04:35,0,true
16:16:38,04:36,0,true
16:16:39,04:37,0,true
16:16:40,04:38,0,true
16:16:41,04:39,0,true
16:16:42,04:40,0,true
16:16:43,04:41,0,true
16:16:44,04:42,0,true
16:16:45,04:43,0,true
16:16:46,04:44,0,true
16:16:47,04:45,0,true
16:16:48,04:46,0,true
16:16:49,04:47,0,true
16:16:50,04:48,0,true
16:16:51,04:49,0,true
16:16:52,04:50,0,true
16:16:53,04:51,0,true
16:16:54,04:52,0,true
16:16:55,04:53,0,true
16:16:56,04:54,0,true
16:16:57,04:55,0,true
16:16:58,04:56,0,true
16:16:59,04:57,0,true
16:17:00,04:58,0,true
16:17:01,04:59,0,true
16:17:02,05:00,0,true
16:17:03,05:01,0,true
16:17:04,05:02,0,true
16:17:05,05:03,0,true
16:17:06,05:04,0,true
16:17:07,05:05,0,true
16:17:08,05:06,0,true
16:17:09,05:07,0,true
16:17:10,05:08,0,true
16:17:11,05:09,0,true
16:17:12,05:10,0,true
16:17:13,05:11,0,true
16:17:14,05:12,0,true
16:17:15,05:13,0,true
16:17:16,05:14,0,true
16:17:17,05:15,0,true
16:17:18,05:16,0,true
16:17:19,05:17,0,true
16:17:20,05:18,0,true
16:17:21,05:19,0,true
16:17:22,05:20,0,true
16:17:23,05:21,0,true
16:17:24,05:22,0,true
16:17:25,05:23,0,true
16:17:26,05:24,0,true
16:17:27,05:25,0,true
16:17:28,05:26,0,true
16:17:29,05:27,0,true
16:17:30,05:28,0,true
16:17:31,05:29,0,true
16:17:32,05:30,0,true
16:17:33,05:31,0,true
16:17:34,05:32,0,true
16:17:35,05:33,0,true
16:17:36,05:34,0,true
16:17:37,05:35,0,true
16:17:38,05:36,0,true
16:17:39,05:37,0,true
16:17:40,05:38,0,true
16:17:41,05:39,0,true
16:17:42,05:40,0,true
16:17:43,05:41,0,true
16:17:44,05:42,0,true
16:17:45,05:43,0,true
16:17:46,05:44,0,true
16:17:47,05:45,0,true
16:17:48,05:46,0,true
16:17:49,05:47,0,true
16:17:50,05:48,0,true
16:17:51,05:49,0,true
16:17:52,05:50,0,true
16:17:53,05:51,0,true
16:17:54,05:52,0,true
16:17:55,05:53,0,true
16:17:56,05:54,0,true
16:17:57,05:55,0,true
16:17:58,05:56,0,true
16:17:59,05:57,0,true
16:18:00,05:58,0,true
16:18:01,05:59,0,true
16:18:02,06:00,0,true
16:18:03,06:01,0,true
16:18:04,06:02,0,true
16:18:05,06:03,0,true
16:18:06,06:04,0,true
16:18:07,06:05,0,true
16:18:08,06:06,0,true
16:18:09,06:07,0,true
16:18:10,06:08,0,true
16:18:11,06:09,0,true
16:18:12,06:10,0,true
16:18:13,06:11,0,true
16:18:14,06:12,0,true
16:18:15,06:13,0,true
16:18:16,06:14,0,true
16:18:17,06:15,0,true
16:18:18,06:16,0,true
16:18:19,06:17,0,true
16:18:20,06:18,0,true
16:18:21,06:19,0,true
16:18:22,06:20,0,true
16:18:23,06:21,0,true
16:18:24,06:22,0,true
16:18:25,06:23,0,true
16:18:26,06:24,0,true
16:18:27,06:25,0,true
16:18:28,06:26,0,true
16:18:29,06:27,0,true
16:18:30,06:28,0,true
16:18:31,06:29,0,true
16:18:32,06:30,0,true
16:18:33,06:31,0,true
16:18:34,06:32,0,true
16:18:35,06:33,0,true
16:18:36,06:34,0,true
16:18:37,06:35,0,true
16:18:38,06:36,0,true
16:18:39,06:37,0,true
16:18:40,06:38,0,true
16:18:41,06:39,0,true
16:18:42,06:40,0,true
16:18:43,06:41,0,true
16:18:44,06:42,0,true
16:18:45,06:43,0,true
16:18:46,06:44,0,true
16:18:47,06:45,0,true
16:18:48,06:46,0,true
16:18:49,06:47,0,true
16:18:50,06:48,0,true
16:18:51,06:49,0,true
16:18:52,06:50,0,true
16:18:53,06:51,0,true
16:18:54,06:52,0,true
16:18:55,06:53,0,true
16:18:56,06:54,0,true
16:18:57,06:55,0,true
16:18:58,06:56,0,true
16:18:59,06:57,0,true
16:19:00,06:58,0,true
16:19:01,06:59,0,true
16:19:02,07:00,0,true
16:19:03,07:01,0,true
16:19:04,07:02,0,true
16:19:05,07:03,0,true
16:19:06,07:04,0,true
16:19:07,07:05,0,true
16:19:08,07:06,0,true
16:19:09,07:07,0,true
16:19:10,07:08,0,true
16:19:11,07:09,0,true
16:19:12,07:10,0,true
16:19:13,07:11,0,true
16:19:14,07:12,0,true
16:19:15,07:13,0,true
16:19:16,07:14,0,true
16:19:17,07:15,0,true
16:19:18,07:16,0,true
16:19:19,07:17,0,true
16:19:20,07:18,0,true
16:19:21,07:19,0,true
16:19:22,07:20,0,true
16:19:23,07:21,0,true
16:19:24,07:22,0,true
16:19:25,07:23,0,true
16:19:26,07:24,0,true
16:19:27,07:25,0,true
16:19:28,07:26,0,true
16:19:29,07:27,0,true
16:19:30,07:28,0,true
16:19:31,07:29,0,true
16:19:32,07:30,0,true
16:19:33,07:31,0,true
16:19:34,07:32,0,false
16:19:35,07:33,0,false
16:19:36,07:34,0,false
16:19:37,07:35,0,false
16:19:38,07:36,0,false
16:19:39,07:37,0,false
16:19:40,07:38,0,false
16:19:41,07:39,0,false
16:19:42,07:40,0,false
16:19:43,07:41,0,false
16:19:44,07:42,0,false
16:19:45,07:43,0,false
16:19:46,07:44,0,false
16:19:47,07:45,0,false
16:19:48,07:46,0,false
16:19:49,07:47,0,false
16:19:50,07:48,0,false
16:19:51,07:49,0,false
16:19:52,07:50,0,false
16:19:53,07:51,0,false
16:19:54,07:52,0,false
16:19:55,07:53,0,false
16:19:56,07:54,0,false
16:19:57,07:55,0,false
16:19:58,07:56,0,false
16:19:59,07:57,0,false
16:20:00,07:58,0,false
16:20:01,07:59,0,false
16:20:02,08:00,0,false
16:20:03,08:01,0,false
16:20:04,08:02,0,false
16:20:05,08:03,0,false
16:20:06,08:04,0,false
16:20:07,08:05,0,false
16:20:08,08:06,0,false
16:20:09,08:07,0,false
16:20:10,08:08,0,false
16:20:11,08:09,0,false
16:20:12,08:10,0,false
16:20:13,08:11,0,false
16:20:14,08:12,0,false
16:20:15,08:13,0,false
16:20:16,08:14,0,false
16:20:17,08:15,0,false
16:20:18,08:16,0,false
16:20:19,08:17,0,false
16:20:20,08:18,0,false
16:20:21,08:19,0,false
16:20:22,08:20,0,false
16:20:23,08:21,0,false
16:20:24,08:22,0,false
16:20:25,08:23,0,false
16:20:26,08:24,0,false
16:20:27,08:25,0,false
16:20:28,08:26,0,false
16:20:29,08:27,0,false
16:20:30,08:28,0,false
16:20:31,08:29,0,false
16:20:32,08:30,0,false
16:20:33,08:31,0,false
16:20:34,08:32,0,false
16:20:35,08:33,0,false
16:20:36,08:34,0,false
16:20:37,08:35,0,false
16:20:38,08:36,0,false
16:20:39,08:37,0,false
16:20:40,08:38,0,false
16:20:41,08:39,0,false
16:20:42,08:40,0,false
16:20:43,08:41,0,false
16:20:44,08:42,0,false
16:20:45,08:43,0,false
16:20:46,08:44,0,false
16:20:47,08:45,0,false
16:20:48,08:46,0,false
16:20:49,08:47,0,false
16:20:50,08:48,0,false
16:20:51,08:49,0,false
16:20:52,08:50,0,false
16:20:53,08:51,0,false
16:20:54,08:52,0,false
16:20:55,08:53,0,false
16:20:56,08:54,0,false
16:20:57,08:55,0,false
16:20:58,08:56,0,false
16:20:59,08:57,0,false
16:21:00,08:58,0,false
16:21:01,08:59,0,false
16:21:02,09:00,0,false
16:21:03,09:01,0,false
16:21:04,09:02,0,false
16:21:05,09:03,0,false
16:21:06,09:04,0,false
16:21:07,09:05,0,false
16:21:08,09:06,0,false
16:21:09,09:07,0,false
16:21:10,09:08,0,true
16:21:11,09:09,0,true
16:21:12,09:10,0,true
16:21:13,09:11,0,true
16:21:14,09:12,0,true
16:21:15,09:13,0,true
16:21:16,09:14,0,true
16:21:17,09:15,0,true
16:21:18,09:16,0,true
16:21:19,09:17,0,true
16:21:20,09:18,0,true
16:21:21,09:19,0,true
16:21:22,09:20,0,true
16:21:23,09:21,0,true
16:21:24,09:22,0,true
16:21:25,09:23,0,true
16:21:26,09:24,0,true
16:21:27,09:25,0,true
16:21:28,09:26,0,true
16:21:29,09:27,0,true
16:21:30,09:28,0,true
16:21:31,09:29,0,true
16:21:32,09:30,0,true
16:21:33,09:31,0,true
16:21:34,09:32,0,true
16:21:35,09:33,0,true
16:21:36,09:34,0,true
16:21:37,09:35,0,true
16:21:38,09:36,0,true
16:21:39,09:37,0,true
16:21:40,09:38,0,true
16:21:41,09:39,0,true
16:21:42,09:40,0,true
16:21:43,09:41,0,true
16:21:44,09:42,0,true
16:21:45,09:43,0,true
16:21:46,09:44,0,true
16:21:47,09:45,0,true
16:21:48,09:46,0,true
16:21:49,09:47,0,true
16:21:50,09:48,0,true
16:21:51,09:49,0,true
16:21:52,09:50,0,true
16:21:53,09:51,0,true
16:21:54,09:52,0,true
16:21:55,09:53,0,true
16:21:56,09:54,0,true
16:21:57,09:55,0,true
16:21:58,09:56,0,true
16:21:59,09:57,0,true
16:22:00,09:58,0,true
16:22:01,09:59,0,true
16:22:02,10:00,0,true
16:22:03,10:01,0,true
16:22:04,10:02,0,true
16:22:05,10:03,0,true
16:22:06,10:04,0,true
16:22:07,10:05,0,true
16:22:08,10:06,0,true
16:22:09,10:07,0,true
16:22:10,10:08,0,true
16:22:11,10:09,0,true
16:22:12,10:10,0,true
16:22:13,10:11,0,true
16:22:14,10:12,0,true
16:22:15,10:13,0,true
16:22:16,10:14,0,true
16:22:17,10:15,0,true
16:22:18,10:16,0,true
16:22:19,10:17,0,true
16:22:20,10:18,0,true
16:22:21,10:19,0,true
16:22:22,10:20,0,true
16:22:23,10:21,0,true
16:22:24,10:22,0,true
16:22:25,10:23,0,true
16:22:26,10:24,0,true
16:22:27,10:25,0,true
16:22:28,10:26,0,true
16:22:29,10:27,0,true
16:22:30,10:28,0,true
16:22:31,10:29,0,true
16:22:32,10:30,0,true
16:22:33,10:31,0,true
16:22:34,10:32,0,true
16:22:35,10:33,0,true
16:22:36,10:34,0,true
16:22:37,10:35,0,true
16:22:38,10:36,0,true
16:22:39,10:37,0,true
16:22:40,10:38,0,true
16:22:41,10:39,0,true
16:22:42,10:40,0,true
16:22:43,10:41,0,true
16:22:44,10:42,0,true
16:22:45,10:43,0,true
16:22:46,10:44,0,true
16:22:47,10:45,0,true
16:22:48,10:46,0,true
16:22:49,10:47,0,true
16:22:50,10:48,0,true
16:22:51,10:49,0,true
16:22:52,10:50,0,true
16:22:53,10:51,0,true
16:22:54,10:52,0,true
16:22:55,10:53,0,true
16:22:56,10:54,0,true
16:22:57,10:55,0,true
16:22:58,10:56,0,true
16:22:59,10:57,0,true
16:23:00,10:58,0,true
16:23:01,10:59,0,true
16:23:02,11:00,0,true
16:23:03,11:01,0,true
16:23:04,11:02,0,true
16:23:05,11:03,0,true
16:23:06,11:04,0,true
16:23:07,11:05,0,true
16:23:08,11:06,0,true
16:23:09,11:07,0,true
16:23:10,11:08,0,true
16:23:11,11:09,0,true
16:23:12,11:10,0,true
16:23:13,11:11,0,true
16:23:14,11:12,0,true
16:23:15,11:13,0,true
16:23:16,11:14,0,true
16:23:17,11:15,0,true
16:23:18,11:16,0,true
16:23:19,11:17,0,true
16:23:20,11:18,0,true
16:23:21,11:19,0,true
16:23:22,11:20,0,true
16:23:23,11:21,0,true
16:23:24,11:22,0,true
16:23:25,11:23,0,true
16:23:26,11:24,0,true
16:23:27,11:25,0,true
16:23:28,11:26,0,true
16:23:29,11:27,0,true
16:23:30,11:28,0,true
16:23:31,11:29,0,true
16:23:32,11:30,0,true
16:23:33,11:31,0,true
16:23:34,11:32,0,true
16:23:35,11:33,0,true
16:23:36,11:34,0,true
16:23:37,11:35,0,true
16:23:38,11:36,0,true
16:23:39,11:37,0,true
16:23:40,11:38,0,true
16:23:41,11:39,0,true
16:23:42,11:40,0,true
16:23:43,11:41,0,true
16:23:44,11:42,0,true
16:23:45,11:43,0,true
16:23:46,11:44,0,true
16:23:47,11:45,0,true
16:23:48,11:46,0,true
16:23:49,11:47,0,true
16:23:50,11:48,0,true
16:23:51,11:49,0,true
16:23:52,11:50,0,true
16:23:53,11:51,0,true
16:23:54,11:52,0,true
16:23:55,11:53,0,true
16:23:56,11:54,0,true
16:23:57,11:55,0,true
16:23:58,11:56,0,true
16:23:59,11:57,0,true
16:24:00,11:58,0,true
16:24:01,11:59,0,true
16:24:02,12:00,0,true
16:24:03,12:01,0,true
16:24:04,12:02,0,true
16:24:05,12:03,0,true
16:24:06,12:04,0,true
16:24:07,12:05,0,true
16:24:08,12:06,0,true
16:24:09,12:07,0,true
16:24:10,12:08,0,true
16:24:11,12:09,0,true
16:24:12,12:10,0,true
16:24:13,12:11,0,true
16:24:14,12:12,0,true
16:24:15,12:13,0,true
16:24:16,12:14,0,true
16:24:17,12:15,0,true
16:24:18,12:16,0,true
16:24:19,12:17,0,true
16:24:20,12:18,0,true
16:24:21,12:19,0,true
16:24:22,12:20,0,true
16:24:23,12:21,0,true
16:24:24,12:22,0,true
16:24:25,12:23,0,true
16:24:26,12:24,0,true
16:24:27,12:25,0,true
16:24:28,12:26,0,true
16:24:29,12:27,0,true
16:24:30,12:28,0,true
16:24:31,12:29,0,true
16:24:32,12:30,0,true
16:24:33,12:31,0,true
16:24:34,12:32,0,true
16:24:35,12:33,0,true
16:24:36,12:34,0,true
16:24:37,12:35,0,true
16:24:38,12:36,0,true
16:24:39,12:37,0,true
16:24:40,12:38,0,true
16:24:41,12:39,0,true
16:24:42,12:40,0,true
16:24:43,12:41,0,true
16:24:44,12:42,0,true
16:24:45,12:43,0,true
16:24:46,12:44,0,true
16:24:47,12:45,0,true
16:24:48,12:46,0,true
16:24:49,12:47,0,true
16:24:50,12:48,0,true
16:24:51,12:49,0,true
16:24:52,12:50,0,true
16:24:53,12:51,0,true
16:24:54,12:52,0,true
16:24:55,12:53,0,true
16:24:56,12:54,0,true
16:24:57,12:55,0,true
16:24:58,12:56,0,true
16:24:59,12:57,0,true
16:25:00,12:58,0,true
16:25:01,12:59,0,true
16:25:02,13:00,0,true
16:25:03,13:01,0,true
16:25:04,13:02,0,true
16:25:05,13:03,0,true
16:25:06,13:04,0,true
16:25:07,13:05,0,true
16:25:08,13:06,0,true
16:25:09,13:07,0,true
16:25:10,13:08,0,true
16:25:11,13:09,0,true
16:25:12,13:10,0,true
16:25:13,13:11,0,true
16:25:14,13:12,0,true
16:25:15,13:13,0,true
16:25:16,13:14,0,true
16:25:17,13:15,0,true
16:25:18,13:16,0,true
16:25:19,13:17,0,true
16:25:20,13:18,0,true
16:25:21,13:19,0,true
16:25:22,13:20,0,true
16:25:23,13:21,0,true
16:25:24,13:22,0,true
16:25:25,13:23,0,true
16:25:26,13:24,0,true
16:25:27,13:25,0,true
16:25:28,13:26,0,true
16:25:29,13:27,0,true
16:25:30,13:28,0,true
16:25:31,13:29,0,true
16:25:32,13:30,0,true
16:25:33,13:31,0,true
16:25:34,13:32,0,true
16:25:35,13:33,0,true
16:25:36,13:34,0,true
16:25:37,13:35,0,true
16:25:38,13:36,0,true
16:25:39,13:37,0,true
16:25:40,13:38,0,true
16:25:41,13:39,0,true
16:25:42,13:40,0,true
16:25:43,13:41,0,true
16:25:44,13:42,0,true
16:25:45,13:43,0,true
16:25:46,13:44,0,true
16:25:47,13:45,0,true
16:25:48,13:46,0,true
16:25:49,13:47,0,true
16:25:50,13:48,0,true
16:25:51,13:49,0,true
16:25:52,13:50,0,true
16:25:53,13:51,0,true
16:25:54,13:52,0,true
16:25:55,13:53,0,true
16:25:56,13:54,0,true
16:25:57,13:55,0,true
16:25:58,13:56,0,true
16:25:59,13:57,0,true
16:26:00,13:58,0,true
16:26:01,13:59,0,true
16:26:02,14:00,0,true
16:26:03,14:01,0,true
16:26:04,14:02,0,true
16:26:05,14:03,0,true
16:26:06,14:04,0,true
16:26:07,14:05,0,true
16:26:08,14:06,0,true
16:26:09,14:07,0,true
16:26:10,14:08,0,true
16:26:11,14:09,0,true
16:26:12,14:10,0,true
16:26:13,14:11,0,true
16:26:14,14:12,0,true
16:26:15,14:13,0,true
16:26:16,14:14,0,true
16:26:17,14:15,0,true
16:26:18,14:16,0,true
16:26:19,14:17,0,true
16:26:20,14:18,0,true
16:26:21,14:19,0,true
16:26:22,14:20,0,true
16:26:23,14:21,0,true
16:26:24,14:22,0,true
16:26:25,14:23,0,true
16:26:26,14:24,0,true
16:26:27,14:25,0,true
16:26:28,14:26,0,true
16:26:29,14:27,0,true
16:26:30,14:28,0,true
16:26:31,14:29,0,true
16:26:32,14:30,0,true
16:26:33,14:31,0,true
16:26:34,14:32,0,true
16:26:35,14:33,0,true
16:26:36,14:34,0,true
16:26:37,14:35,0,true
16:26:38,14:36,0,true
16:26:39,14:37,0,true
16:26:40,14:38,0,true
16:26:41,14:39,0,true
16:26:42,14:40,0,true
16:26:43,14:41,0,true
16:26:44,14:42,0,true
16:26:45,14:43,0,true
16:26:46,14:44,0,true
16:26:47,14:45,0,true
16:26:48,14:46,0,true
16:26:49,14:47,0,true
16:26:50,14:48,0,true
16:26:51,14:49,0,true
16:26:52,14:50,0,true
16:26:53,14:51,0,true
16:26:54,14:52,0,true
16:26:55,14:53,0,true
16:26:56,14:54,0,true
16:26:57,14:55,0,true
16:26:58,14:56,0,true
16:26:59,14:57,0,true
16:27:00,14:58,0,true
16:27:01,14:59,0,true
16:27:02,15:00,0,true
16:27:03,15:01,0,true
16:27:04,15:02,0,true
16:27:05,15:03,0,true
16:27:06,15:04,0,true
16:27:07,15:05,0,true
16:27:08,15:06,0,true
16:27:09,15:07,0,true
16:27:10,15:08,0,true
16:27:11,15:09,0,true
16:27:12,15:10,0,true
16:27:13,15:11,0,true
16:27:14,15:12,0,true
16:27:15,15:13,0,true
16:27:16,15:14,0,true
16:27:17,15:15,0,true
16:27:18,15:16,0,true
16:27:19,15:17,0,true
16:27:20,15:18,0,true
16:27:21,15:19,0,true
16:27:22,15:20,0,true
16:27:23,15:21,0,true
16:27:24,15:22,0,true
16:27:25,15:23,0,true
16:27:26,15:24,0,true
16:27:27,15:25,0,true
16:27:28,15:26,0,true
16:27:29,15:27,0,true
16:27:30,15:28,0,true
16:27:31,15:29,0,true
16:27:32,15:30,0,true
16:27:33,15:31,0,true
16:27:34,15:32,0,true
16:27:35,15:33,0,true
16:27:36,15:34,0,true
16:27:37,15:35,0,true
16:27:38,15:36,0,true
16:27:39,15:37,0,true
16:27:40,15:38,0,true
16:27:41,15:39,0,true
16:27:42,15:40,0,true
16:27:43,15:41,0,true
16:27:44,15:42,0,true
16:27:45,15:43,0,true
16:27:46,15:44,0,true
16:27:47,15:45,0,true
16:27:48,15:46,0,true
16:27:49,15:47,0,true
16:27:50,15:48,0,true
16:27:51,15:49,0,true
16:27:52,15:50,0,true
16:27:53,15:51,0,true
16:27:54,15:52,0,true
16:27:55,15:53,0,true
16:27:56,15:54,0,true
16:27:57,15:55,0,true
16:27:58,15:56,0,true
16:27:59,15:57,0,true
16:28:00,15:58,0,true
16:28:01,15:59,0,true
16:28:02,16:00,0,true
16:28:03,16:01,0,true
16:28:04,16:02,0,true
16:28:05,16:03,0,true
16:28:06,16:04,0,true
16:28:07,16:05,0,true
16:28:08,16:06,0,true
16:28:09,16:07,0,true
16:28:10,16:08,0,true
16:28:11,16:09,0,true
16:28:12,16:10,0,true
16:28:13,16:11,0,true
16:28:14,16:12,0,true
16:28:15,16:13,0,true
16:28:16,16:14,0,true
16:28:17,16:15,0,true
16:28:18,16:16,0,true
16:28:19,16:17,0,true
16:28:20,16:18,0,true
16:28:21,16:19,0,true
16:28:22,16:20,0,true
16:28:23,16:21,0,true
16:28:24,16:22,0,true
16:28:25,16:23,0,true
16:28:26,16:24,0,true
16:28:27,16:25,0,true
16:28:28,16:26,0,true
16:28:29,16:27,0,true
16:28:30,16:28,0,true
16:28:31,16:29,0,true
16:28:32,16:30,0,true
16:28:33,16:31,0,true
16:28:34,16:32,0,true
16:28:35,16:33,0,true
16:28:36,16:34,0,true
16:28:37,16:35,0,true
16:28:38,16:36,0,true
16:28:39,16:37,0,true
16:28:40,16:38,0,true
16:28:41,16:39,0,true
16:28:42,16:40,0,true
16:28:43,16:41,0,true
16:28:44,16:42,0,true
16:28:45,16:43,0,true
16:28:46,16:44,0,true
16:28:47,16:45,0,true
16:28:48,16:46,0,true
16:28:49,16:47,0,true
16:28:50,16:48,0,true
16:28:51,16:49,0,true
16:28:52,16:50,0,true
16:28:53,16:51,0,true
16:28:54,16:52,0,true
16:28:55,16:53,0,true
16:28:56,16:54,0,true
16:28:57,16:55,0,true
16:28:58,16:56,0,true
16:28:59,16:57,0,true
16:29:00,16:58,0,true
16:29:01,16:59,0,true
16:29:02,17:00,0,true
16:29:03,17:01,0,true
16:29:04,17:02,0,true
16:29:05,17:03,0,true
16:29:06,17:04,0,true
16:29:07,17:05,0,true
16:29:08,17:06,0,true
16:29:09,17:07,0,true
16:29:10,17:08,0,true
16:29:11,17:09,0,true
16:29:12,17:10,0,true
16:29:13,17:11,0,true
16:29:14,17:12,0,true
16:29:15,17:13,0,true
16:29:16,17:14,0,true
16:29:17,17:15,0,true
16:29:18,17:16,0,true
16:29:19,17:17,0,true
16:29:20,17:18,0,true
16:29:21,17:19,0,true
16:29:22,17:20,0,true
16:29:23,17:21,0,true
16:29:24,17:22,0,true
16:29:25,17:23,0,true
16:29:26,17:24,0,true
16:29:27,17:25,0,true
16:29:28,17:26,0,true
16:29:29,17:27,0,true
16:29:30,17:28,0,true
16:29:31,17:29,0,true
16:29:32,17:30,0,true
16:29:33,17:31,0,true
16:29:34,17:32,0,true
16:29:35,17:33,0,true
16:29:36,17:34,0,true
16:29:37,17:35,0,true
16:29:38,17:36,0,true
16:29:39,17:37,0,true
16:29:40,17:38,0,true
16:29:41,17:39,0,true
16:29:42,17:40,0,true
16:29:43,17:41,0,true
16:29:44,17:42,0,true
16:29:45,17:43,0,true
16:29:46,17:44,0,true
16:29:47,17:45,0,true
16:29:48,17:46,0,true
16:29:49,17:47,0,true
16:29:50,17:48,0,true
16:29:51,17:49,0,true
16:29:52,17:50,0,true
16:29:53,17:51,0,true
16:29:54,17:52,0,true
16:29:55,17:53,0,true
16:29:56,17:54,0,true
16:29:57,17:55,0,true
16:29:58,17:56,0,true
16:29:59,17:57,0,true
16:30:00,17:58,0,true
16:30:01,17:59,0,true
16:30:02,18:00,0,true
16:30:03,18:01,0,true
16:30:04,18:02,0,true
16:30:05,18:03,0,true
16:30:06,18:04,0,true
16:30:07,18:05,0,true
16:30:08,18:06,0,true
16:30:09,18:07,0,true
16:30:10,18:08,0,true
16:30:11,18:09,0,true
16:30:12,18:10,0,true
16:30:13,18:11,0,true
16:30:14,18:12,0,true
16:30:15,18:13,0,true
16:30:16,18:14,0,true
16:30:17,18:15,0,true
16:30:18,18:16,0,true
16:30:19,18:17,0,true
16:30:20,18:18,0,true
16:30:21,18:19,0,true
16:30:22,18:20,0,true
16:30:23,18:21,0,true
16:30:24,18:22,0,true
16:30:25,18:23,0,true
16:30:26,18:24,0,true
16:30:27,18:25,0,true
16:30:28,18:26,0,true
16:30:29,18:27,0,true
16:30:30,18:28,0,true
16:30:31,18:29,0,true
16:30:32,18:30,0,true
16:30:33,18:31,0,true
16:30:34,18:32,0,true
16:30:35,18:33,0,true
16:30:36,18:34,0,true
16:30:37,18:35,0,true
16:30:38,18:36,0,true
16:30:39,18:37,0,true
16:30:40,18:38,0,true
16:30:41,18:39,0,true
16:30:42,18:40,0,true
16:30:43,18:41,0,true
16:30:44,18:42,0,true
16:30:45,18:43,0,true
16:30:46,18:44,0,true
16:30:47,18:45,0,true
16:30:48,18:46,0,true
16:30:49,18:47,0,true
16:30:50,18:48,0,true
16:30:51,18:49,0,true
16:30:52,18:50,0,true
16:30:53,18:51,0,true
16:30:54,18:52,0,true
16:30:55,18:53,0,false
16:30:56,18:54,0,false
16:30:57,18:55,0,false
16:30:58,18:56,0,false
16:30:59,18:57,0,false
16:31:00,18:58,0,false
16:31:01,18:59,0,false
16:31:02,19:00,0,false
16:31:03,19:01,0,false
16:31:04,19:02,0,false
16:31:05,19:03,0,false
16:31:06,19:04,0,false
16:31:07,19:05,0,false
16:31:08,19:06,0,false
16:31:09,19:07,0,false
16:31:10,19:08,0,false
16:31:11,19:09,0,false
16:31:12,19:10,0,false
16:31:13,19:11,0,false
16:31:14,19:12,0,false
16:31:15,19:13,0,false
16:31:16,19:14,0,false
16:31:17,19:15,0,false
16:31:18,19:16,0,false
16:31:19,19:17,0,false
16:31:20,19:18,0,false
16:31:21,19:19,0,false
16:31:22,19:20,0,false
16:31:23,19:21,0,false
16:31:24,19:22,0,false
16:31:25,19:23,0,false
16:31:26,19:24,0,false
16:31:27,19:25,0,false
16:31:28,19:26,0,false
16:31:29,19:27,0,false
16:31:30,19:28,0,false
16:31:31,19:29,0,false
16:31:32,19:30,0,false
16:31:33,19:31,0,false
16:31:34,19:32,0,false
16:31:35,19:33,0,false
16:31:36,19:34,0,false
16:31:37,19:35,0,false
16:31:38,19:36,0,false
16:31:39,19:37,0,false
16:31:40,19:38,0,false
16:31:41,19:39,0,false
16:31:42,19:40,0,false
16:31:43,19:41,0,false
16:31:44,19:42,0,false
16:31:45,19:43,0,false
16:31:46,19:44,0,false
16:31:47,19:45,0,false
16:31:48,19:46,0,false
16:31:49,19:47,0,false
16:31:50,19:48,0,false
16:31:51,19:49,0,false
16:31:52,19:50,0,false
16:31:53,19:51,0,false
16:31:54,19:52,0,false
16:31:55,19:53,0,false
16:31:56,19:54,0,false
16:31:57,19:55,0,false
16:31:58,19:56,0,false
16:31:59,19:57,0,false
16:32:00,19:58,0,false
16:32:01,19:59,0,false
16:32:02,20:00,0,false
16:32:03,20:01,0,false
16:32:04,20:02,0,false
16:32:05,20:03,0,false
16:32:06,20:04,0,false
16:32:07,20:05,0,false
16:32:08,20:06,0,false
16:32:09,20:07,0,false
16:32:10,20:08,0,false
16:32:11,20:09,0,false
16:32:12,20:10,0,true
16:32:13,20:11,0,true
16:32:14,20:12,0,true
16:32:15,20:13,0,true
16:32:16,20:14,0,true
16:32:17,20:15,0,true
16:32:18,20:16,0,true
16:32:19,20:17,0,true
16:32:20,20:18,0,true
16:32:21,20:19,0,true
16:32:22,20:20,0,true
16:32:23,20:21,0,true
16:32:24,20:22,0,true
16:32:25,20:23,0,true
16:32:26,20:24,0,true
16:32:27,20:25,0,true
16:32:28,20:26,0,true
16:32:29,20:27,0,true
16:32:30,20:28,0,true
16:32:31,20:29,0,true
16:32:32,20:30,0,true
16:32:33,20:31,0,true
16:32:34,20:32,0,true
16:32:35,20:33,0,true
16:32:36,20:34,0,true
16:32:37,20:35,0,true
16:32:38,20:36,0,true
16:32:39,20:37,0,true
16:32:40,20:38,0,true
16:32:41,20:39,0,true
16:32:42,20:40,0,true
16:32:43,20:41,0,true
16:32:44,20:42,0,true
16:32:45,20:43,0,true
16:32:46,20:44,0,true
16:32:47,20:45,0,true
16:32:48,20:46,0,true
16:32:49,20:47,0,true
16:32:50,20:48,0,true
16:32:51,20:49,0,true
16:32:52,20:50,0,true
16:32:53,20:51,0,true
16:32:54,20:52,0,true
16:32:55,20:53,0,true
16:32:56,20:54,0,true
16:32:57,20:55,0,true
16:32:58,20:56,0,true
16:32:59,20:57,0,true
16:33:00,20:58,0,true
16:33:01,20:59,0,true
16:33:02,21:00,0,true
16:33:03,21:01,0,true
16:33:04,21:02,0,true
16:33:05,21:03,0,true
16:33:06,21:04,0,true
16:33:07,21:05,0,true
16:33:08,21:06,0,true
16:33:09,21:07,0,true
16:33:10,21:08,0,true
16:33:11,21:09,0,true
16:33:12,21:10,0,true
16:33:13,21:11,0,true
16:33:14,21:12,0,true
16:33:15,21:13,0,true
16:33:16,21:14,0,true
16:33:17,21:15,0,true
16:33:18,21:16,0,true
16:33:19,21:17,0,true
16:33:20,21:18,0,true
16:33:21,21:19,0,true
16:33:22,21:20,0,true
16:33:23,21:21,0,true
16:33:24,21:22,0,true
16:33:25,21:23,0,true
16:33:26,21:24,0,true
16:33:27,21:25,0,true
16:33:28,21:26,0,true
16:33:29,21:27,0,true
16:33:30,21:28,0,true
16:33:31,21:29,0,true
16:33:32,21:30,0,true
16:33:33,21:31,0,true
16:33:34,21:32,0,true
16:33:35,21:33,0,true
16:33:36,21:34,0,true
16:33:37,21:35,0,true
16:33:38,21:36,0,true
16:33:39,21:37,0,true
16:33:40,21:38,0,true
16:33:41,21:39,0,true
16:33:42,21:40,0,true
16:33:43,21:41,0,true
16:33:44,21:42,0,true
16:33:45,21:43,0,true
16:33:46,21:44,0,true
16:33:47,21:45,0,true
16:33:48,21:46,0,true
16:33:49,21:47,0,true
16:33:50,21:48,0,true
16:33:51,21:49,0,true
16:33:52,21:50,0,true
16:33:53,21:51,0,true
16:33:54,21:52,0,true
16:33:55,21:53,0,true
16:33:56,21:54,0,true
16:33:57,21:55,0,true
16:33:58,21:56,0,true
16:33:59,21:57,0,true
16:34:00,21:58,0,true
16:34:01,21:59,0,true
16:34:02,22:00,0,true
16:34:03,22:01,0,true
16:34:04,22:02,0,true
16:34:05,22:03,0,true
16:34:06,22:04,0,true
16:34:07,22:05,0,true
16:34:08,22:06,0,true
16:34:09,22:07,0,true
16:34:10,22:08,0,true
16:34:11,22:09,0,true
16:34:12,22:10,0,true
16:34:13,22:11,0,true
16:34:14,22:12,0,true
16:34:15,22:13,0,true
16:34:16,22:14,0,true
16:34:17,22:15,0,true
16:34:18,22:16,0,true
16:34:19,22:17,0,true
16:34:20,22:18,0,true
16:34:21,22:19,0,true
16:34:22,22:20,0,true
16:34:23,22:21,0,true
16:34:24,22:22,0,true
16:34:25,22:23,0,true
16:34:26,22:24,0,true
16:34:27,22:25,0,true
16:34:28,22:26,0,true
16:34:29,22:27,0,true
16:34:30,22:28,0,true
16:34:31,22:29,0,true
16:34:32,22:30,0,true
16:34:33,22:31,0,true
16:34:34,22:32,0,true
16:34:35,22:33,0,true
16:34:36,22:34,0,true
16:34:37,22:35,0,true
16:34:38,22:36,0,true
16:34:39,22:37,0,true
16:34:40,22:38,0,true
16:34:41,22:39,0,true
16:34:42,22:40,0,true
16:34:43,22:41,0,true
16:34:44,22:42,0,true
16:34:45,22:43,0,true
16:34:46,22:44,0,true
16:34:47,22:45,0,true
16:34:48,22:46,0,true
16:34:49,22:47,0,true
16:34:50,22:48,0,true
16:34:51,22:49,0,true
16:34:52,22:50,0,true
16:34:53,22:51,0,true
16:34:54,22:52,0,true
16:34:55,22:53,0,true
16:34:56,22:54,0,true
16:34:57,22:55,0,true
16:34:58,22:56,0,true
16:34:59,22:57,0,true
16:35:00,22:58,0,true
16:35:01,22:59,0,true
16:35:02,23:00,0,true
16:35:03,23:01,0,true
16:35:04,23:02,0,true
16:35:05,23:03,0,true
16:35:06,23:04,0,true
16:35:07,23:05,0,true
16:35:08,23:06,0,true
16:35:09,23:07,0,true
16:35:10,23:08,30,true
16:35:11,23:09,0,true
16:35:12,23:10,0,true
16:35:13,23:11,0,true
16:35:14,23:12,0,true
16:35:15,23:13,0,true
16:35:16,23:14,0,true
16:35:17,23:15,0,true
16:35:18,23:16,0,true
16:35:19,23:17,0,true
16:35:20,23:18,0,true
16:35:21,23:19,0,true
16:35:22,23:20,0,true
16:35:23,23:21,0,true
16:35:24,23:22,0,true
16:35:25,23:23,0,true
16:35:26,23:24,0,true
16:35:27,23:25,0,true
16:35:28,23:26,0,true
16:35:29,23:27,0,true
16:35:30,23:28,0,true
16:35:31,23:29,0,true
16:35:32,23:30,0,true
16:35:33,23:31,0,true
16:35:34,23:32,0,true
16:35:35,23:33,0,true
16:35:36,23:34,0,true
16:35:37,23:35,0,true
16:35:38,23:36,0,true
16:35:39,23:37,0,true
16:35:40,23:38,0,true
16:35:41,23:39,0,true
16:35:42,23:40,0,true
16:35:43,23:41,0,true
16:35:44,23:42,0,true
16:35:45,23:43,0,true
16:35:46,23:44,0,true
16:35:47,23:45,0,true
16:35:48,23:46,0,true
16:35:49,23:47,0,true
16:35:50,23:48,0,true
16:35:51,23:49,0,true
16:35:52,23:50,0,true
16:35:53,23:51,0,true
16:35:54,23:52,0,true
16:35:55,23:53,0,true
16:35:56,23:54,0,true
16:35:57,23:55,0,true
16:35:58,23:56,0,true
16:35:59,23:57,0,true
16:36:00,23:58,0,true
16:36:01,23:59,0,true
16:36:02,24:00,0,true
16:36:03,24:01,0,true
16:36:04,24:02,0,true
16:36:05,24:03,0,true
16:36:06,24:04,0,true
16:36:07,24:05,0,true
16:36:08,24:06,0,true
16:36:09,24:07,0,true
16:36:10,24:08,0,true
16:36:11,24:09,0,true
16:36:12,24:10,0,true
16:36:13,24:11,0,true
16:36:14,24:12,0,true
16:36:15,24:13,0,true
16:36:16,24:14,0,true
16:36:17,24:15,0,true
16:36:18,24:16,0,true
16:36:19,24:17,0,true
16:36:20,24:18,0,true
16:36:21,24:19,0,true
16:36:22,24:20,0,true
16:36:23,24:21,0,true
16:36:24,24:22,0,true
16:36:25,24:23,0,true
16:36:26,24:24,0,true
16:36:27,24:25,0,true
16:36:28,24:26,0,true
16:36:29,24:27,0,true
16:36:30,24:28,0,true
16:36:31,24:29,0,true
16:36:32,24:30,0,true
16:36:33,24:31,0,true
16:36:34,24:32,0,true
16:36:35,24:33,0,true
16:36:36,24:34,0,true
16:36:37,24:35,0,true
16:36:38,24:36,0,true
16:36:39,24:37,0,true
16:36:40,24:38,0,true
16:36:41,24:39,0,true
16:36:42,24:40,0,true
16:36:43,24:41,0,true
16:36:44,24:42,0,true
16:36:45,24:43,0,true
16:36:46,24:44,0,true
16:36:47,24:45,0,true
16:36:48,24:46,0,true
16:36:49,24:47,0,true
16:36:50,24:48,0,true
16:36:51,24:49,0,true
16:36:52,24:50,0,true
16:36:53,24:51,0,true
16:36:54,24:52,0,true
16:36:55,24:53,0,true
16:36:56,24:54,0,true
16:36:57,24:55,0,true
16:36:58,24:56,0,true
16:36:59,24:57,0,true
16:37:00,24:58,0,true
16:37:01,24:59,0,true
16:37:02,25:00,0,true
16:37:03,25:01,0,true
16:37:04,25:02,0,true
16:37:05,25:03,0,true
16:37:06,25:04,0,true
16:37:07,25:05,0,true
16:37:08,25:06,0,true
16:37:09,25:07,0,true
16:37:10,25:08,0,true
16:37:11,25:09,0,true
16:37:12,25:10,0,true
16:37:13,25:11,0,true
16:37:14,25:12,0,true
16:37:15,25:13,0,true
16:37:16,25:14,0,true
16:37:17,25:15,0,true
16:37:18,25:16,0,true
16:37:19,25:17,0,true
16:37:20,25:18,0,true
16:37:21,25:19,0,true
16:37:22,25:20,0,true
16:37:23,25:21,0,true
16:37:24,25:22,0,true
16:37:25,25:23,0,true
16:37:26,25:24,0,true
16:37:27,25:25,0,true
16:37:28,25:26,0,true
16:37:29,25:27,0,true
16:37:30,25:28,0,true
16:37:31,25:29,0,true
16:37:32,25:30,0,true
16:37:33,25:31,0,true
16:37:34,25:32,0,true
16:37:35,25:33,0,true
16:37:36,25:34,0,true
16:37:37,25:35,0,true
16:37:38,25:36,0,true
16:37:39,25:37,0,true
16:37:40,25:38,0,true
16:37:41,25:39,0,true
16:37:42,25:40,0,true
16:37:43,25:41,0,true
16:37:44,25:42,0,true
16:37:45,25:43,0,true
16:37:46,25:44,0,true
16:37:47,25:45,0,true
16:37:48,25:46,0,true
16:37:49,25:47,0,true
16:37:50,25:48,0,true
16:37:51,25:49,0,true
16:37:52,25:50,0,true
16:37:53,25:51,0,true
16:37:54,25:52,0,true
16:37:55,25:53,0,true
16:37:56,25:54,0,true
16:37:57,25:55,0,true
16:37:58,25:56,0,true
16:37:59,25:57,0,true
16:38:00,25:58,0,true
16:38:01,25:59,0,true
16:38:02,26:00,0,true
16:38:03,26:01,0,true
16:38:04,26:02,0,true
16:38:05,26:03,0,true
16:38:06,26:04,0,true
16:38:07,26:05,0,true
16:38:08,26:06,0,true
16:38:09,26:07,0,true
16:38:10,26:08,0,true
16:38:11,26:09,0,true
16:38:12,26:10,0,true
16:38:13,26:11,0,true
16:38:14,26:12,0,true
16:38:15,26:13,0,true
16:38:16,26:14,0,true
16:38:17,26:15,0,true
16:38:18,26:16,0,true
16:38:19,26:17,0,true
16:38:20,26:18,0,true
16:38:21,26:19,0,true
16:38:22,26:20,0,true
16:38:23,26:21,0,true
16:38:24,26:22,0,true
16:38:25,26:23,0,true
16:38:26,26:24,0,true
16:38:27,26:25,0,true
16:38:28,26:26,0,true
16:38:29,26:27,0,true
16:38:30,26:28,0,true
16:38:31,26:29,0,true
16:38:32,26:30,0,true
16:38:33,26:31,0,true
16:38:34,26:32,0,true
16:38:35,26:33,0,true
16:38:36,26:34,0,true
16:38:37,26:35,0,true
16:38:38,26:36,0,true
16:38:39,26:37,0,true
16:38:40,26:38,0,true
16:38:41,26:39,0,true
16:38:42,26:40,0,true
16:38:43,26:41,0,true
16:38:44,26:42,0,true
16:38:45,26:43,0,true
16:38:46,26:44,0,true
16:38:47,26:45,0,true
16:38:48,26:46,0,true
16:38:49,26:47,0,true
16:38:50,26:48,0,true
16:38:51,26:49,0,true
16:38:52,26:50,0,true
16:38:53,26:51,0,true
16:38:54,26:52,0,true
16:38:55,26:53,0,true
16:38:56,26:54,0,true
16:38:57,26:55,0,true
16:38:58,26:56,0,true
16:38:59,26:57,0,true
16:39:00,26:58,0,true
16:39:01,26:59,0,true
16:39:02,27:00,0,true
16:39:03,27:01,0,true
16:39:04,27:02,0,true
16:39:05,27:03,0,true
16:39:06,27:04,0,true
16:39:07,27:05,0,true
16:39:08,27:06,0,true
16:39:09,27:07,0,true
16:39:10,27:08,0,true
16:39:11,27:09,0,true
16:39:12,27:10,0,true
16:39:13,27:11,0,true
16:39:14,27:12,0,true
16:39:15,27:13,0,true
16:39:16,27:14,0,true
16:39:17,27:15,0,true
16:39:18,27:16,0,true
16:39:19,27:17,0,true
16:39:20,27:18,0,true
16:39:21,27:19,0,true
16:39:22,27:20,0,true
16:39:23,27:21,0,true
16:39:24,27:22,0,true
16:39:25,27:23,0,true
16:39:26,27:24,0,true
16:39:27,27:25,0,true
16:39:28,27:26,0,true
16:39:29,27:27,0,true
16:39:30,27:28,0,true
16:39:31,27:29,0,true
16:39:32,27:30,0,true
16:39:33,27:31,0,true
16:39:34,27:32,0,true
16:39:35,27:33,0,true
16:39:36,27:34,0,true
16:39:37,27:35,0,true
16:39:38,27:36,0,true
16:39:39,27:37,0,true
16:39:40,27:38,0,true
16:39:41,27:39,0,true
16:39:42,27:40,0,true
16:39:43,27:41,0,true
16:39:44,27:42,0,true
16:39:45,27:43,0,true
16:39:46,27:44,0,true
16:39:47,27:45,0,true
16:39:48,27:46,0,true
16:39:49,27:47,0,true
16:39:50,27:48,0,true
16:39:51,27:49,0,true
16:39:52,27:50,0,true
16:39:53,27:51,0,true
16:39:54,27:52,0,true
16:39:55,27:53,0,true
16:39:56,27:54,0,true
16:39:57,27:55,0,true
16:39:58,27:56,0,true
16:39:59,27:57,0,true
16:40:00,27:58,0,true
16:40:01,27:59,0,true
16:40:02,28:00,0,true
16:40:03,28:01,0,true
16:40:04,28:02,0,true
16:40:05,28:03,0,true
16:40:06,28:04,0,true
16:40:07,28:05,0,true
16:40:08,28:06,0,true
16:40:09,28:07,0,true
16:40:10,28:08,0,true
16:40:11,28:09,0,true
16:40:12,28:10,0,true
16:40:13,28:11,0,true
16:40:14,28:12,0,true
16:40:15,28:13,0,true
16:40:16,28:14,0,true
16:40:17,28:15,0,true
16:40:18,28:16,0,true
16:40:19,28:17,0,true
16:40:20,28:18,0,true
16:40:21,28:19,0,true
16:40:22,28:20,0,true
16:40:23,28:21,0,true
16:40:24,28:22,0,true
16:40:25,28:23,0,true
16:40:26,28:24,0,true
16:40:27,28:25,0,true
16:40:28,28:26,0,true
16:40:29,28:27,0,true
16:40:30,28:28,0,true
16:40:31,28:29,0,true
16:40:32,28:30,0,true
16:40:33,28:31,0,true
16:40:34,28:32,0,true
16:40:35,28:33,0,true
16:40:36,28:34,0,true
16:40:37,28:35,0,true
16:40:38,28:36,0,true
16:40:39,28:37,0,true
16:40:40,28:38,0,true
16:40:41,28:39,0,true
16:40:42,28:40,0,true
16:40:43,28:41,0,true
16:40:44,28:42,0,true
16:40:45,28:43,0,true
16:40:46,28:44,0,true
16:40:47,28:45,0,true
16:40:48,28:46,0,true
16:40:49,28:47,0,true
16:40:50,28:48,0,true
16:40:51,28:49,0,true
16:40:52,28:50,0,true
16:40:53,28:51,0,true
16:40:54,28:52,0,true
16:40:55,28:53,0,true
16:40:56,28:54,0,true
16:40:57,28:55,0,true
16:40:58,28:56,0,true
16:40:59,28:57,0,true
16:41:00,28:58,0,true
16:41:01,28:59,0,true
16:41:02,29:00,0,true
16:41:03,29:01,0,true
16:41:04,29:02,0,true
16:41:05,29:03,0,true
16:41:06,29:04,0,true
16:41:07,29:05,0,true
16:41:08,29:06,0,true
16:41:09,29:07,0,true
16:41:10,29:08,0,true
16:41:11,29:09,0,true
16:41:12,29:10,0,true
16:41:13,29:11,0,true
16:41:14,29:12,0,true
16:41:15,29:13,0,true
16:41:16,29:14,0,true
16:41:17,29:15,0,true
16:41:18,29:16,0,true
16:41:19,29:17,0,true
16:41:20,29:18,0,true
16:41:21,29:19,0,true
16:41:22,29:20,0,true
16:41:23,29:21,0,true
16:41:24,29:22,0,true
16:41:25,29:23,0,true
16:41:26,29:24,0,true
16:41:27,29:25,0,true
16:41:28,29:26,0,true
16:41:29,29:27,0,true
16:41:30,29:28,0,true
16:41:31,29:29,0,true
16:41:32,29:30,0,true
16:41:33,29:31,0,true
16:41:34,29:32,0,true
16:41:35,29:33,0,true
16:41:36,29:34,0,true
16:41:37,29:35,0,true
16:41:38,29:36,0,true
16:41:39,29:37,0,true
16:41:40,29:38,0,true
16:41:41,29:39,0,true
16:41:42,29:40,0,true
16:41:43,29:41,0,true
16:41:44,29:42,0,true
16:41:45,29:43,0,true
16:41:46,29:44,0,true
16:41:47,29:45,0,true
16:41:48,29:46,0,true
16:41:49,29:47,0,true
16:41:50,29:48,0,true
16:41:51,29:49,0,true
16:41:52,29:50,0,true
16:41:53,29:51,0,true
16:41:54,29:52,0,true
16:41:55,29:53,0,true
16:41:56,29:54,0,true
16:41:57,29:55,0,true
16:41:58,29:56,0,true
16:41:59,29:57,0,true
16:42:00,29:58,0,true
16:42:01,29:59,0,true
16:42:02,30:00,0,true
16:42:03,30:01,0,true
16:42:04,30:02,0,true
16:42:05,30:03,0,true
16:42:06,30:04,0,true
16:42:07,30:05,0,true
16:42:08,30:06,0,true
16:42:09,30:07,0,true
16:42:10,30:08,0,true
16:42:11,30:09,0,true
16:42:12,30:10,0,true
16:42:13,30:11,0,true
16:42:14,30:12,0,true
16:42:15,30:13,0,true
16:42:16,30:14,0,true
16:42:17,30:15,0,true
16:42:18,30:16,0,true
16:42:19,30:17,0,true
16:42:20,30:18,0,true
16:42:21,30:19,0,true
16:42:22,30:20,0,true
16:42:23,30:21,0,true
16:42:24,30:22,0,true
16:42:25,30:23,0,true
16:42:26,30:24,0,true
16:42:27,30:25,0,true
16:42:28,30:26,0,true
16:42:29,30:27,0,true
16:42:30,30:28,0,true
16:42:31,30:29,0,true
16:42:32,30:30,0,true
16:42:33,30:31,0,true
16:42:34,30:32,0,true
16:42:35,30:33,0,true
16:42:36,30:34,0,true
16:42:37,30:35,0,true
16:42:38,30:36,0,true
16:42:39,30:37,0,true
16:42:40,30:38,0,true
16:42:41,30:39,0,true
16:42:42,30:40,0,true
16:42:43,30:41,0,true
16:42:44,30:42,0,true
16:42:45,30:43,0,true
16:42:46,30:44,0,true
16:42:47,30:45,0,true
16:42:48,30:46,0,true
16:42:49,30:47,0,true
16:42:50,30:48,0,true
16:42:51,30:49,0,true
16:42:52,30:50,0,true
16:42:53,30:51,0,true
16:42:54,30:52,0,true
16:42:55,30:53,0,true
16:42:56,30:54,0,true
16:42:57,30:55,0,true
16:42:58,30:56,0,true
16:42:59,30:57,0,true
16:43:00,30:58,0,true
16:43:01,30:59,0,true
16:43:02,31:00,0,true
16:43:03,31:01,0,true
16:43:04,31:02,0,true
16:43:05,31:03,0,true
16:43:06,31:04,0,true
16:43:07,31:05,0,true
16:43:08,31:06,0,true
16:43:09,31:07,0,true
16:43:10,31:08,0,true
16:43:11,31:09,0,true
16:43:12,31:10,0,true
16:43:13,31:11,0,true
16:43:14,31:12,0,true
16:43:15,31:13,0,true
16:43:16,31:14,0,true
16:43:17,31:15,0,true
16:43:18,31:16,0,true
16:43:19,31:17,0,true
16:43:20,31:18,0,true
16:43:21,31:19,0,true
16:43:22,31:20,0,true
16:43:23,31:21,0,true
16:43:24,31:22,0,true
16:43:25,31:23,0,true
16:43:26,31:24,0,true
16:43:27,31:25,0,true
16:43:28,31:26,0,true
16:43:29,31:27,0,true
16:43:30,31:28,0,true
16:43:31,31:29,0,true
16:43:32,31:30,0,true
16:43:33,31:31,0,true
16:43:34,31:32,0,true
16:43:35,31:33,0,true
16:43:36,31:34,0,true
16:43:37,31:35,0,true
16:43:38,31:36,0,true
16:43:39,31:37,0,true
16:43:40,31:38,0,true
16:43:41,31:39,0,true
16:43:42,31:40,0,true
16:43:43,31:41,0,true
16:43:44,31:42,0,true
16:43:45,31:43,0,true
16:43:46,31:44,0,true
16:43:47,31:45,0,true
16:43:48,31:46,0,true
16:43:49,31:47,0,true
16:43:50,31:48,0,true
16:43:51,31:49,0,true
16:43:52,31:50,0,true
16:43:53,31:51,0,true
16:43:54,31:52,0,true
16:43:55,31:53,0,true
16:43:56,31:54,0,true
16:43:57,31:55,0,true
16:43:58,31:56,0,true
16:43:59,31:57,0,true
16:44:00,31:58,0,true
16:44:01,31:59,0,true
16:44:02,32:00,0,true
16:44:03,32:01,0,true
16:44:04,32:02,0,true
16:44:05,32:03,0,true
16:44:06,32:04,0,true
16:44:07,32:05,0,true
16:44:08,32:06,0,true
16:44:09,32:07,0,true
16:44:10,32:08,0,true
16:44:11,32:09,0,true
16:44:12,32:10,0,true
16:44:13,32:11,0,true
16:44:14,32:12,0,true
16:44:15,32:13,0,true
16:44:16,32:14,0,true
16:44:17,32:15,0,true
16:44:18,32:16,0,true
16:44:19,32:17,0,true
16:44:20,32:18,0,true
16:44:21,32:19,0,true
16:44:22,32:20,0,true
16:44:23,32:21,0,true
16:44:24,32:22,0,true
16:44:25,32:23,0,true
16:44:26,32:24,0,true
16:44:27,32:25,0,true
16:44:28,32:26,0,true
16:44:29,32:27,0,true
16:44:30,32:28,0,true
16:44:31,32:29,0,true
16:44:32,32:30,0,true
16:44:33,32:31,0,true
16:44:34,32:32,0,true
16:44:35,32:33,0,true
16:44:36,32:34,0,true
16:44:37,32:35,0,true
16:44:38,32:36,0,true
16:44:39,32:37,0,true
16:44:40,32:38,0,true
16:44:41,32:39,0,true
16:44:42,32:40,0,true
16:44:43,32:41,0,true
16:44:44,32:42,0,true
16:44:45,32:43,0,true
16:44:46,32:44,0,true
16:44:47,32:45,0,true
16:44:48,32:46,0,true
16:44:49,32:47,0,true
16:44:50,32:48,0,true
16:44:51,32:49,0,true
16:44:52,32:50,0,true
16:44:53,32:51,0,true
16:44:54,32:52,0,true
16:44:55,32:53,0,true
16:44:56,32:54,0,true
16:44:57,32:55,0,true
16:44:58,32:56,0,true
16:44:59,32:57,0,true
16:45:00,32:58,0,true
16:45:01,32:59,0,true
16:45:02,33:00,0,true
16:45:03,33:01,0,true
16:45:04,33:02,0,true
16:45:05,33:03,0,true
16:45:06,33:04,0,true
16:45:07,33:05,0,true
16:45:08,33:06,0,true
16:45:09,33:07,0,true
16:45:10,33:08,0,true
16:45:11,33:09,0,true
16:45:12,33:10,0,true
16:45:13,33:11,0,true
16:45:14,33:12,0,true
16:45:15,33:13,0,true
16:45:16,33:14,0,true
16:45:17,33:15,0,true
16:45:18,33:16,0,true
16:45:19,33:17,0,true
16:45:20,33:18,0,true
16:45:21,33:19,0,true
16:45:22,33:20,0,true
16:45:23,33:21,0,true
16:45:24,33:22,0,true
16:45:25,33:23,0,true
16:45:26,33:24,0,true
16:45:27,33:25,0,true
16:45:28,33:26,0,true
16:45:29,33:27,0,true
16:45:30,33:28,0,true
16:45:31,33:29,0,true
16:45:32,33:30,0,true
16:45:33,33:31,0,true
16:45:34,33:32,0,true
16:45:35,33:33,0,true
16:45:36,33:34,0,true
16:45:37,33:35,0,true
16:45:38,33:36,0,true
16:45:39,33:37,0,true
16:45:40,33:38,0,true
16:45:41,33:39,0,true
16:45:42,33:40,0,true
16:45:43,33:41,0,true
16:45:44,33:42,0,true
16:45:45,33:43,0,true
16:45:46,33:44,0,true
16:45:47,33:45,0,true
16:45:48,33:46,0,true
16:45:49,33:47,0,true
16:45:50,33:48,0,true
16:45:51,33:49,0,true
16:45:52,33:50,0,true
16:45:53,33:51,0,true
16:45:54,33:52,0,true
16:45:55,33:53,0,true
16:45:56,33:54,0,true
16:45:57,33:55,0,true
16:45:58,33:56,0,true
16:45:59,33:57,0,true
16:46:00,33:58,0,true
16:46:01,33:59,0,true
16:46:02,34:00,0,true
16:46:03,34:01,0,true
16:46:04,34:02,0,true
16:46:05,34:03,0,true
16:46:06,34:04,0,true
16:46:07,34:05,0,true
16:46:08,34:06,0,true
16:46:09,34:07,0,true
16:46:10,34:08,0,true
16:46:11,34:09,0,true
16:46:12,34:10,0,true
16:46:13,34:11,0,true
16:46:14,34:12,0,true
16:46:15,34:13,0,true
16:46:16,34:14,0,true
16:46:17,34:15,0,true
16:46:18,34:16,0,true
16:46:19,34:17,0,true
16:46:20,34:18,0,true
16:46:21,34:19,0,true
16:46:22,34:20,0,true
16:46:23,34:21,0,true
16:46:24,34:22,0,true
16:46:25,34:23,0,true
16:46:26,34:24,0,true
16:46:27,34:25,0,true
16:46:28,34:26,0,true
16:46:29,34:27,0,true
16:46:30,34:28,0,true
16:46:31,34:29,0,true
16:46:32,34:30,0,true
16:46:33,34:31,0,true
16:46:34,34:32,0,true
16:46:35,34:33,0,true
16:46:36,34:34,0,true
16:46:37,34:35,0,true
16:46:38,34:36,0,true
16:46:39,34:37,0,true
16:46:40,34:38,0,true
16:46:41,34:39,0,true
16:46:42,34:40,0,true
16:46:43,34:41,0,true
16:46:44,34:42,0,true
16:46:45,34:43,0,true
16:46:46,34:44,0,true
16:46:47,34:45,0,true
16:46:48,34:46,0,true
16:46:49,34:47,0,true
16:46:50,34:48,0,true
16:46:51,34:49,0,true
16:46:52,34:50,0,true
16:46:53,34:51,0,true
16:46:54,34:52,0,true
16:46:55,34:53,0,true
16:46:56,34:54,0,true
16:46:57,34:55,0,true
16:46:58,34:56,0,true
16:46:59,34:57,0,true
16:47:00,34:58,0,true
16:47:01,34:59,0,true
16:47:02,35:00,0,true
16:47:03,35:01,0,true
16:47:04,35:02,0,true
16:47:05,35:03,0,true
16:47:06,35:04,0,true
16:47:07,35:05,0,true
16:47:08,35:06,0,true
16:47:09,35:07,0,true
16:47:10,35:08,0,true
16:47:11,35:09,0,true
16:47:12,35:10,0,true
16:47:13,35:11,0,true
16:47:14,35:12,0,true
16:47:15,35:13,0,true
16:47:16,35:14,0,true
16:47:17,35:15,0,true
16:47:18,35:16,0,true
16:47:19,35:17,0,true
16:47:20,35:18,0,true
16:47:21,35:19,0,true
16:47:22,35:20,0,true
16:47:23,35:21,0,true
16:47:24,35:22,0,true
16:47:25,35:23,0,true
16:47:26,35:24,0,true
16:47:27,35:25,0,true
16:47:28,35:26,0,true
16:47:29,35:27,0,true
16:47:30,35:28,0,true
16:47:31,35:29,0,true
16:47:32,35:30,0,true
16:47:33,35:31,0,true
16:47:34,35:32,0,true
16:47:35,35:33,0,true
16:47:36,35:34,0,true
16:47:37,35:35,0,true
16:47:38,35:36,0,true
16:47:39,35:37,0,true
16:47:40,35:38,0,true
16:47:41,35:39,0,true
16:47:42,35:40,0,true
16:47:43,35:41,0,true
16:47:44,35:42,0,true
16:47:45,35:43,0,true
16:47:46,35:44,0,true
16:47:47,35:45,0,true
16:47:48,35:46,0,true
16:47:49,35:47,0,true
16:47:50,35:48,0,true
16:47:51,35:49,0,true
16:47:52,35:50,0,true
16:47:53,35:51,0,true
16:47:54,35:52,0,true
16:47:55,35:53,0,true
16:47:56,35:54,0,true
16:47:57,35:55,0,true
16:47:58,35:56,0,true
16:47:59,35:57,0,true
16:48:00,35:58,0,true
16:48:01,35:59,0,true
16:48:02,36:00,0,true
16:48:03,36:01,0,true
16:48:04,36:02,0,true
16:48:05,36:03,0,true
16:48:06,36:04,0,true
16:48:07,36:05,0,true
16:48:08,36:06,0,true
16:48:09,36:07,0,true
16:48:10,36:08,0,true
16:48:11,36:09,0,true
16:48:12,36:10,0,true
16:48:13,36:11,0,true
16:48:14,36:12,0,true
16:48:15,36:13,0,true
16:48:16,36:14,0,true
16:48:17,36:15,0,true
16:48:18,36:16,0,true
16:48:19,36:17,0,true
16:48:20,36:18,0,true
16:48:21,36:19,0,true
16:48:22,36:20,0,true
16:48:23,36:21,0,true
16:48:24,36:22,0,true
16:48:25,36:23,0,true
16:48:26,36:24,0,true
16:48:27,36:25,0,true
16:48:28,36:26,0,true
16:48:29,36:27,0,true
16:48:30,36:28,0,true
16:48:31,36:29,0,true
16:48:32,36:30,0,true
16:48:33,36:31,0,true
16:48:34,36:32,0,true
16:48:35,36:33,0,true
16:48:36,36:34,0,true
16:48:37,36:35,0,true
16:48:38,36:36,0,true
16:48:39,36:37,0,true
16:48:40,36:38,0,true
16:48:41,36:39,0,true
16:48:42,36:40,0,true
16:48:43,36:41,0,true
16:48:44,36:42,0,true
16:48:45,36:43,0,true
16:48:46,36:44,0,true
16:48:47,36:45,0,true
16:48:48,36:46,0,true
16:48:49,36:47,0,true
16:48:50,36:48,0,true
16:48:51,36:49,0,true
16:48:52,36:50,0,true
16:48:53,36:51,0,true
16:48:54,36:52,0,true
16:48:55,36:53,0,true
16:48:56,36:54,0,true
16:48:57,36:55,0,true
16:48:58,36:56,0,true
16:48:59,36:57,0,true
16:49:00,36:58,0,true
16:49:01,36:59,0,true
16:49:02,37:00,0,true
16:49:03,37:01,0,true
16:49:04,37:02,0,true
16:49:05,37:03,0,true
16:49:06,37:04,0,true
16:49:07,37:05,0,true
16:49:08,37:06,0,true
16:49:09,37:07,0,true
16:49:10,37:08,0,true
16:49:11,37:09,0,true
16:49:12,37:10,0,true
16:49:13,37:11,0,true
16:49:14,37:12,0,true
16:49:15,37:13,0,true
16:49:16,37:14,0,true
16:49:17,37:15,0,true
16:49:18,37:16,0,true
16:49:19,37:17,0,true
16:49:20,37:18,0,true
16:49:21,37:19,0,true
16:49:22,37:20,0,true
16:49:23,37:21,0,true
16:49:24,37:22,0,true
16:49:25,37:23,0,true
16:49:26,37:24,0,true
16:49:27,37:25,0,true
16:49:28,37:26,0,true
16:49:29,37:27,0,true
16:49:30,37:28,0,true
16:49:31,37:29,0,true
16:49:32,37:30,0,true
16:49:33,37:31,0,true
16:49:34,37:32,0,true
16:49:35,37:33,0,true
16:49:36,37:34,0,true
16:49:37,37:35,0,true
16:49:38,37:36,0,true
16:49:39,37:37,0,true
16:49:40,37:38,0,true
16:49:41,37:39,0,true
16:49:42,37:40,0,true
16:49:43,37:41,0,true
16:49:44,37:42,0,true
16:49:45,37:43,0,true
16:49:46,37:44,0,true
16:49:47,37:45,0,true
16:49:48,37:46,0,true
16:49:49,37:47,0,true
16:49:50,37:48,0,true
16:49:51,37:49,0,true
16:49:52,37:50,0,true
16:49:53,37:51,0,true
16:49:54,37:52,0,true
16:49:55,37:53,0,true
16:49:56,37:54,0,true
16:49:57,37:55,0,true
16:49:58,37:56,0,true
16:49:59,37:57,0,true
16:50:00,37:58,0,true
16:50:01,37:59,0,true
16:50:02,38:00,0,true
16:50:03,38:01,0,true
16:50:04,38:02,0,true
16:50:05,38:03,0,true
16:50:06,38:04,0,true
16:50:07,38:05,0,true
16:50:08,38:06,0,true
16:50:09,38:07,0,true
16:50:10,38:08,0,true
16:50:11,38:09,0,true
16:50:12,38:10,0,true
16:50:13,38:11,0,true
16:50:14,38:12,0,true
16:50:15,38:13,0,true
16:50:16,38:14,0,true
16:50:17,38:15,0,true
16:50:18,38:16,0,true
16:50:19,38:17,0,true
16:50:20,38:18,0,true
16:50:21,38:19,0,true
16:50:22,38:20,0,true
16:50:23,38:21,0,true
16:50:24,38:22,0,true
16:50:25,38:23,0,true
16:50:26,38:24,0,true
16:50:27,38:25,0,true
16:50:28,38:26,0,true
16:50:29,38:27,0,true
16:50:30,38:28,0,true
16:50:31,38:29,0,true
16:50:32,38:30,0,true
16:50:33,38:31,0,true
16:50:34,38:32,0,true
16:50:35,38:33,0,true
16:50:36,38:34,0,true
16:50:37,38:35,0,true
16:50:38,38:36,0,true
16:50:39,38:37,0,true
16:50:40,38:38,0,true
16:50:41,38:39,0,true
16:50:42,38:40,0,false
16:50:43,38:41,0,false
16:50:44,38:42,0,false
16:50:45,38:43,0,false
16:50:46,38:44,0,false
16:50:47,38:45,0,false
16:50:48,38:46,0,false
16:50:49,38:47,0,false
16:50:50,38:48,0,false
16:50:51,38:49,0,false
16:50:52,38:50,0,false
16:50:53,38:51,0,false
16:50:54,38:52,0,true
16:50:55,38:53,0,true
16:50:56,38:54,0,true
16:50:57,38:55,0,true
16:50:58,38:56,0,true
16:50:59,38:57,0,true
16:51:00,38:58,0,true
16:51:01,38:59,0,true
16:51:02,39:00,0,true
16:51:03,39:01,0,true
16:51:04,39:02,0,true
16:51:05,39:03,0,true
16:51:06,39:04,0,true
16:51:07,39:05,0,true
16:51:08,39:06,0,true
16:51:09,39:07,0,true
16:51:10,39:08,0,true
16:51:11,39:09,0,true
16:51:12,39:10,0,true
16:51:13,39:11,0,true
16:51:14,39:12,0,true
16:51:15,39:13,0,true
16:51:16,39:14,0,true
16:51:17,39:15,0,true
16:51:18,39:16,0,true
16:51:19,39:17,0,true
16:51:20,39:18,0,true
16:51:21,39:19,0,true
16:51:22,39:20,0,true
16:51:23,39:21,0,true
16:51:24,39:22,0,true
16:51:25,39:23,0,true
16:51:26,39:24,0,true
16:51:27,39:25,0,true
16:51:28,39:26,0,true
16:51:29,39:27,0,true
16:51:30,39:28,0,true
16:51:31,39:29,0,true
16:51:32,39:30,0,true
16:51:33,39:31,0,true
16:51:34,39:32,0,true
16:51:35,39:33,0,true
16:51:36,39:34,0,true
16:51:37,39:35,0,true
16:51:38,39:36,0,true
16:51:39,39:37,0,true
16:51:40,39:38,0,true
16:51:41,39:39,0,true
16:51:42,39:40,0,true
16:51:43,39:41,0,true
16:51:44,39:42,0,true
16:51:45,39:43,0,true
16:51:46,39:44,0,true
16:51:47,39:45,0,true
16:51:48,39:46,0,true
16:51:49,39:47,0,true
16:51:50,39:48,0,true
16:51:51,39:49,0,true
16:51:52,39:50,0,true
16:51:53,39:51,0,true
16:51:54,39:52,0,true
16:51:55,39:53,0,true
16:51:56,39:54,0,true
16:51:57,39:55,0,true
16:51:58,39:56,0,true
16:51:59,39:57,0,true
16:52:00,39:58,0,true
16:52:01,39:59,0,true
16:52:02,40:00,0,true
16:52:03,40:01,0,true
16:52:04,40:02,0,true
16:52:05,40:03,0,true
16:52:06,40:04,0,true
16:52:07,40:05,0,true
16:52:08,40:06,0,true
16:52:09,40:07,0,true
16:52:10,40:08,0,true
16:52:11,40:09,0,true
16:52:12,40:10,0,true
16:52:13,40:11,0,true
16:52:14,40:12,0,true
16:52:15,40:13,0,true
16:52:16,40:14,0,true
16:52:17,40:15,0,true
16:52:18,40:16,0,true
16:52:19,40:17,0,true
16:52:20,40:18,0,true
16:52:21,40:19,0,true
16:52:22,40:20,0,true
16:52:23,40:21,0,true
16:52:24,40:22,0,true
16:52:25,40:23,0,true
16:52:26,40:24,0,true
16:52:27,40:25,0,true
16:52:28,40:26,0,true
16:52:29,40:27,0,true
16:52:30,40:28,0,true
16:52:31,40:29,0,true
16:52:32,40:30,0,true
16:52:33,40:31,0,true
16:52:34,40:32,0,true
16:52:35,40:33,0,true
16:52:36,40:34,0,true
16:52:37,40:35,0,true
16:52:38,40:36,0,true
16:52:39,40:37,0,true
16:52:40,40:38,0,true
16:52:41,40:39,0,true
16:52:42,40:40,0,true
16:52:43,40:41,0,true
16:52:44,40:42,0,true
16:52:45,40:43,0,true
16:52:46,40:44,0,true
16:52:47,40:45,0,true
16:52:48,40:46,0,true
16:52:49,40:47,0,true
16:52:50,40:48,0,true
16:52:51,40:49,0,true
16:52:52,40:50,0,true
16:52:53,40:51,0,true
16:52:54,40:52,0,true
16:52:55,40:53,0,true
16:52:56,40:54,0,true
16:52:57,40:55,0,true
16:52:58,40:56,0,true
16:52:59,40:57,0,true
16:53:00,40:58,0,true
16:53:01,40:59,0,true
16:53:02,41:00,0,true
16:53:03,41:01,0,true
16:53:04,41:02,0,true
16:53:05,41:03,0,true
16:53:06,41:04,0,true
16:53:07,41:05,0,true
16:53:08,41:06,0,true
16:53:09,41:07,0,true
16:53:10,41:08,0,true
16:53:11,41:09,0,true
16:53:12,41:10,0,true
16:53:13,41:11,0,true
16:53:14,41:12,0,true
16:53:15,41:13,0,true
16:53:16,41:14,0,true
16:53:17,41:15,0,true
16:53:18,41:16,0,true
16:53:19,41:17,0,true
16:53:20,41:18,0,true
16:53:21,41:19,0,true
16:53:22,41:20,0,true
16:53:23,41:21,0,true
16:53:24,41:22,0,true
16:53:25,41:23,0,true
16:53:26,41:24,0,true
16:53:27,41:25,0,true
16:53:28,41:26,0,true
16:53:29,41:27,0,true
16:53:30,41:28,0,true
16:53:31,41:29,0,true
16:53:32,41:30,0,true
16:53:33,41:31,0,true
16:53:34,41:32,0,true
16:53:35,41:33,0,true
16:53:36,41:34,0,true
16:53:37,41:35,0,true
16:53:38,41:36,0,true
16:53:39,41:37,0,true
16:53:40,41:38,0,true
16:53:41,41:39,0,true
16:53:42,41:40,0,true
16:53:43,41:41,0,true
16:53:44,41:42,0,true
16:53:45,41:43,0,true
16:53:46,41:44,0,true
16:53:47,41:45,0,true
16:53:48,41:46,0,true
16:53:49,41:47,0,true
16:53:50,41:48,0,true
16:53:51,41:49,0,true
16:53:52,41:50,0,true
16:53:53,41:51,0,true
16:53:54,41:52,0,true
16:53:55,41:53,0,true
16:53:56,41:54,0,true
16:53:57,41:55,0,true
16:53:58,41:56,0,true
16:53:59,41:57,0,true
16:54:00,41:58,0,true
16:54:01,41:59,0,true
16:54:02,42:00,0,true
16:54:03,42:01,0,true
16:54:04,42:02,0,true
16:54:05,42:03,0,true
16:54:06,42:04,0,true
16:54:07,42:05,0,true
16:54:08,42:06,0,true
16:54:09,42:07,0,true
16:54:10,42:08,0,true
16:54:11,42:09,0,true
16:54:12,42:10,0,true
16:54:13,42:11,0,true
16:54:14,42:12,0,true
16:54:15,42:13,0,true
16:54:16,42:14,0,true
16:54:17,42:15,0,true
16:54:18,42:16,0,true
16:54:19,42:17,0,true
16:54:20,42:18,0,true
16:54:21,42:19,0,true
16:54:22,42:20,0,true
16:54:23,42:21,0,true
16:54:24,42:22,0,true
16:54:25,42:23,0,true
16:54:26,42:24,0,true
16:54:27,42:25,0,true
16:54:28,42:26,0,true
16:54:29,42:27,0,true
16:54:30,42:28,0,true
16:54:31,42:29,0,true
16:54:32,42:30,0,true
16:54:33,42:31,0,true
16:54:34,42:32,0,true
16:54:35,42:33,0,true
16:54:36,42:34,0,true
16:54:37,42:35,0,true
16:54:38,42:36,0,true
16:54:39,42:37,0,true
16:54:40,42:38,0,true
16:54:41,42:39,0,true
16:54:42,42:40,0,true
16:54:43,42:41,0,true
16:54:44,42:42,0,true
16:54:45,42:43,0,true
16:54:46,42:44,0,true
16:54:47,42:45,0,true
16:54:48,42:46,0,true
16:54:49,42:47,0,true
16:54:50,42:48,0,true
16:54:51,42:49,0,true
16:54:52,42:50,0,true
16:54:53,42:51,0,true
16:54:54,42:52,0,true
16:54:55,42:53,0,true
16:54:56,42:54,0,true
16:54:57,42:55,0,true
16:54:58,42:56,0,true
16:54:59,42:57,0,true
16:55:00,42:58,0,true
16:55:01,42:59,0,true
16:55:02,43:00,0,true
16:55:03,43:01,0,true
16:55:04,43:02,0,true
16:55:05,43:03,0,true
16:55:06,43:04,0,true
16:55:07,43:05,0,true
16:55:08,43:06,0,true
16:55:09,43:07,0,true
16:55:10,43:08,0,true
16:55:11,43:09,0,true
16:55:12,43:10,0,true
16:55:13,43:11,0,true
16:55:14,43:12,0,true
16:55:15,43:13,0,true
16:55:16,43:14,0,true
16:55:17,43:15,0,true
16:55:18,43:16,0,true
16:55:19,43:17,0,true
16:55:20,43:18,0,true
16:55:21,43:19,0,true
16:55:22,43:20,0,true
16:55:23,43:21,0,true
16:55:24,43:22,0,true
16:55:25,43:23,0,true
16:55:26,43:24,0,true
16:55:27,43:25,0,true
16:55:28,43:26,0,true
16:55:29,43:27,0,true
16:55:30,43:28,0,true
16:55:31,43:29,0,true
16:55:32,43:30,0,true
16:55:33,43:31,0,true
16:55:34,43:32,0,true
16:55:35,43:33,0,true
16:55:36,43:34,0,true
16:55:37,43:35,0,true
16:55:38,43:36,0,true
16:55:39,43:37,0,true
16:55:40,43:38,0,true
16:55:41,43:39,0,true
16:55:42,43:40,0,true
16:55:43,43:41,0,true
16:55:44,43:42,0,true
16:55:45,43:43,0,true
16:55:46,43:44,0,true
16:55:47,43:45,0,true
16:55:48,43:46,0,true
16:55:49,43:47,0,true
16:55:50,43:48,0,true
16:55:51,43:49,0,true
16:55:52,43:50,0,true
16:55:53,43:51,0,true
16:55:54,43:52,0,true
16:55:55,43:53,0,true
16:55:56,43:54,0,true
16:55:57,43:55,0,true
16:55:58,43:56,0,true
16:55:59,43:57,0,true
16:56:00,43:58,0,true
16:56:01,43:59,0,true
16:56:02,44:00,0,true
16:56:03,44:01,0,true
16:56:04,44:02,0,true
16:56:05,44:03,0,true
16:56:06,44:04,0,true
16:56:07,44:05,0,true
16:56:08,44:06,0,true
16:56:09,44:07,0,true
16:56:10,44:08,0,true
16:56:11,44:09,0,true
16:56:12,44:10,0,true
16:56:13,44:11,0,true
16:56:14,44:12,0,true
16:56:15,44:13,0,true
16:56:16,44:14,0,true
16:56:17,44:15,0,true
16:56:18,44:16,0,true
16:56:19,44:17,0,true
16:56:20,44:18,0,true
16:56:21,44:19,0,true
16:56:22,44:20,0,true
16:56:23,44:21,0,true
16:56:24,44:22,0,true
16:56:25,44:23,0,true
16:56:26,44:24,0,true
16:56:27,44:25,0,true
16:56:28,44:26,0,true
16:56:29,44:27,0,true
16:56:30,44:28,0,true
16:56:31,44:29,0,true
16:56:32,44:30,0,true
16:56:33,44:31,0,true
16:56:34,44:32,0,true
16:56:35,44:33,0,true
16:56:36,44:34,0,true
16:56:37,44:35,0,true
16:56:38,44:36,0,true
16:56:39,44:37,0,true
16:56:40,44:38,0,true
16:56:41,44:39,0,true
16:56:42,44:40,0,true
16:56:43,44:41,0,true
16:56:44,44:42,0,true
16:56:45,44:43,0,true
16:56:46,44:44,0,true
16:56:47,44:45,0,true
16:56:48,44:46,0,true
16:56:49,44:47,0,true
16:56:50,44:48,0,true
16:56:51,44:49,0,true
16:56:52,44:50,0,true
16:56:53,44:51,0,true
16:56:54,44:52,0,false
16:56:55,44:53,0,false
16:56:56,44:54,0,false
16:56:57,44:55,0,false
16:56:58,44:56,0,false
16:56:59,44:57,0,false
16:57:00,44:58,0,false
16:57:01,44:59,0,false
16:57:02,45:00,0,false
16:57:03,45:01,0,false
16:57:04,45:02,0,false
16:57:05,45:03,0,false
16:57:06,45:04,0,false
16:57:07,45:05,0,false
16:57:08,45:06,0,false
16:57:09,45:07,0,false
16:57:10,45:08,0,false
16:57:11,45:09,0,false
16:57:12,45:10,0,false
16:57:13,45:11,0,true
16:57:14,45:12,0,true
16:57:15,45:13,0,true
16:57:16,45:14,0,true
16:57:17,45:15,0,true
16:57:18,45:16,0,true
16:57:19,45:17,0,true
16:57:20,45:18,0,true
16:57:21,45:19,0,true
16:57:22,45:20,0,true
16:57:23,45:21,0,true
16:57:24,45:22,0,true
16:57:25,45:23,0,true
16:57:26,45:24,0,true
16:57:27,45:25,0,true
16:57:28,45:26,0,true
16:57:29,45:27,0,true
16:57:30,45:28,0,true
16:57:31,45:29,0,true
16:57:32,45:30,0,true
16:57:33,45:31,0,true
16:57:34,45:32,0,true
16:57:35,45:33,0,true
16:57:36,45:34,0,true
16:57:37,45:35,0,true
16:57:38,45:36,0,true
16:57:39,45:37,0,true
16:57:40,45:38,0,true
16:57:41,45:39,0,true
16:57:42,45:40,0,true
16:57:43,45:41,0,true
16:57:44,45:42,0,true
16:57:45,45:43,0,true
16:57:46,45:44,0,true
16:57:47,45:45,0,true
16:57:48,45:46,0,true
16:57:49,45:47,0,true
16:57:50,45:48,0,true
16:57:51,45:49,0,true
16:57:52,45:50,0,true
16:57:53,45:51,0,true
16:57:54,45:52,0,true
16:57:55,45:53,0,true
16:57:56,45:54,0,true
16:57:57,45:55,0,true
16:57:58,45:56,0,true
16:57:59,45:57,0,true
16:58:00,45:58,0,true
16:58:01,45:59,0,true
16:58:02,46:00,0,true
16:58:03,46:01,0,true
16:58:04,46:02,0,true
16:58:05,46:03,0,true
16:58:06,46:04,0,true
16:58:07,46:05,0,true
16:58:08,46:06,0,true
16:58:09,46:07,0,true
16:58:10,46:08,0,true
16:58:11,46:09,0,true
16:58:12,46:10,0,true
16:58:13,46:11,0,true
16:58:14,46:12,0,true
16:58:15,46:13,0,true
16:58:16,46:14,0,true
16:58:17,46:15,0,true
16:58:18,46:16,0,true
16:58:19,46:17,0,true
16:58:20,46:18,0,true
16:58:21,46:19,0,true
16:58:22,46:20,0,true
16:58:23,46:21,0,true
16:58:24,46:22,0,true
16:58:25,46:23,0,true
16:58:26,46:24,0,true
16:58:27,46:25,0,true
16:58:28,46:26,0,true
16:58:29,46:27,0,true
16:58:30,46:28,0,true
16:58:31,46:29,0,true
16:58:32,46:30,0,true
16:58:33,46:31,0,true
16:58:34,46:32,0,true
16:58:35,46:33,0,true
16:58:36,46:34,0,true
16:58:37,46:35,0,true
16:58:38,46:36,0,true
16:58:39,46:37,0,true
16:58:40,46:38,0,true
16:58:41,46:39,0,true
16:58:42,46:40,0,true
16:58:43,46:41,0,true
16:58:44,46:42,0,true
16:58:45,46:43,0,true
16:58:46,46:44,0,true
16:58:47,46:45,0,true
16:58:48,46:46,0,true
16:58:49,46:47,0,true
16:58:50,46:48,0,true
16:58:51,46:49,0,true
16:58:52,46:50,0,true
16:58:53,46:51,0,true
16:58:54,46:52,0,true
16:58:55,46:53,0,true
16:58:56,46:54,0,true
16:58:57,46:55,0,true
16:58:58,46:56,0,true
16:58:59,46:57,0,true
16:59:00,46:58,0,true
16:59:01,46:59,0,true
16:59:02,47:00,0,true
16:59:03,47:01,0,true
16:59:04,47:02,0,true
16:59:05,47:03,0,true
16:59:06,47:04,0,true
16:59:07,47:05,0,true
16:59:08,47:06,0,true
16:59:09,47:07,0,true
16:59:10,47:08,0,true
16:59:11,47:09,0,true
16:59:12,47:10,0,true
16:59:13,47:11,0,true
16:59:14,47:12,0,true
16:59:15,47:13,0,true
16:59:16,47:14,0,true
16:59:17,47:15,0,true
16:59:18,47:16,0,true
16:59:19,47:17,0,true
16:59:20,47:18,0,true
16:59:21,47:19,0,true
16:59:22,47:20,0,true
16:59:23,47:21,0,true
16:59:24,47:22,0,true
16:59:25,47:23,0,true
16:59:26,47:24,0,true
16:59:27,47:25,0,true
16:59:28,47:26,0,true
16:59:29,47:27,0,true
16:59:30,47:28,0,true
16:59:31,47:29,0,true
16:59:32,47:30,0,true
16:59:33,47:31,0,true
16:59:34,47:32,0,true
16:59:35,47:33,0,true
16:59:36,47:34,0,true
16:59:37,47:35,0,true
16:59:38,47:36,0,true
16:59:39,47:37,0,true
16:59:40,47:38,0,true
16:59:41,47:39,0,true
16:59:42,47:40,0,true
16:59:43,47:41,0,true
16:59:44,47:42,0,true
16:59:45,47:43,0,true
16:59:46,47:44,0,true
16:59:47,47:45,0,true
16:59:48,47:46,0,true
16:59:49,47:47,0,true
16:59:50,47:48,0,true
16:59:51,47:49,0,true
16:59:52,47:50,0,true
16:59:53,47:51,0,true
16:59:54,47:52,0,true
16:59:55,47:53,0,true
16:59:56,47:54,0,true
16:59:57,47:55,0,true
16:59:58,47:56,0,true
16:59:59,47:57,0,true
17:00:00,47:58,0,true
17:00:01,47:59,0,true
17:00:02,48:00,0,true
17:00:03,48:01,0,true
17:00:04,48:02,0,true
17:00:05,48:03,0,true
17:00:06,48:04,0,true
17:00:07,48:05,0,true
17:00:08,48:06,0,true
17:00:09,48:07,0,true
17:00:10,48:08,0,true
17:00:11,48:09,0,true
17:00:12,48:10,0,true
17:00:13,48:11,0,true
17:00:14,48:12,0,true
17:00:15,48:13,0,true
17:00:16,48:14,0,true
17:00:17,48:15,0,true
17:00:18,48:16,0,true
17:00:19,48:17,0,true
17:00:20,48:18,0,true
17:00:21,48:19,0,true
17:00:22,48:20,0,true
17:00:23,48:21,0,true
17:00:24,48:22,0,true
17:00:25,48:23,0,true
17:00:26,48:24,0,true
17:00:27,48:25,0,true
17:00:28,48:26,0,true
17:00:29,48:27,0,true
17:00:30,48:28,0,true
17:00:31,48:29,0,true
17:00:32,48:30,0,true
17:00:33,48:31,0,true
17:00:34,48:32,0,true
17:00:35,48:33,0,true
17:00:36,48:34,0,true
17:00:37,48:35,0,true
17:00:38,48:36,0,true
17:00:39,48:37,0,true
17:00:40,48:38,0,true
17:00:41,48:39,0,true
17:00:42,48:40,0,true
17:00:43,48:41,0,true
17:00:44,48:42,0,true
17:00:45,48:43,0,true
17:00:46,48:44,0,true
17:00:47,48:45,0,true
17:00:48,48:46,0,true
17:00:49,48:47,0,true
17:00:50,48:48,0,true
17:00:51,48:49,0,true
17:00:52,48:50,0,true
17:00:53,48:51,0,true
17:00:54,48:52,0,true
17:00:55,48:53,0,true
17:00:56,48:54,0,true
17:00:57,48:55,0,true
17:00:58,48:56,0,true
17:00:59,48:57,0,true
17:01:00,48:58,0,true
17:01:01,48:59,0,true
17:01:02,49:00,0,true
17:01:03,49:01,0,true
17:01:04,49:02,0,true
17:01:05,49:03,0,true
17:01:06,49:04,0,true
17:01:07,49:05,0,true
17:01:08,49:06,0,true
17:01:09,49:07,0,true
17:01:10,49:08,0,true
17:01:11,49:09,0,true
17:01:12,49:10,0,true
17:01:13,49:11,0,true
17:01:14,49:12,0,true
17:01:15,49:13,0,true
17:01:16,49:14,0,true
17:01:17,49:15,0,true
17:01:18,49:16,0,true
17:01:19,49:17,0,true
17:01:20,49:18,0,true
17:01:21,49:19,0,true
17:01:22,49:20,0,true
17:01:23,49:21,0,true
17:01:24,49:22,0,true
17:01:25,49:23,0,true
17:01:26,49:24,0,true
17:01:27,49:25,0,true
17:01:28,49:26,0,true
17:01:29,49:27,0,true
17:01:30,49:28,0,true
17:01:31,49:29,0,true
17:01:32,49:30,0,true
17:01:33,49:31,0,true
17:01:34,49:32,0,true
17:01:35,49:33,0,true
17:01:36,49:34,0,true
17:01:37,49:35,0,true
17:01:38,49:36,0,true
17:01:39,49:37,0,true
17:01:40,49:38,0,true
17:01:41,49:39,0,true
17:01:42,49:40,0,true
17:01:43,49:41,0,true
17:01:44,49:42,0,true
17:01:45,49:43,0,true
17:01:46,49:44,0,true
17:01:47,49:45,0,true
17:01:48,49:46,0,true
17:01:49,49:47,0,true
17:01:50,49:48,0,true
17:01:51,49:49,0,true
17:01:52,49:50,0,true
17:01:53,49:51,0,true
17:01:54,49:52,0,true
17:01:55,49:53,0,true
17:01:56,49:54,0,true
17:01:57,49:55,0,true
17:01:58,49:56,0,true
17:01:59,49:57,0,true
17:02:00,49:58,0,true
17:02:01,49:59,0,true
17:02:02,50:00,0,true
17:02:03,50:01,0,true
17:02:04,50:02,0,true
17:02:05,50:03,0,true
17:02:06,50:04,0,true
17:02:07,50:05,0,true
17:02:08,50:06,0,true
17:02:09,50:07,0,true
17:02:10,50:08,0,true
17:02:11,50:09,0,true
17:02:12,50:10,0,true
17:02:13,50:11,0,true
17:02:14,50:12,0,true
17:02:15,50:13,0,true
17:02:16,50:14,0,true
17:02:17,50:15,0,true
17:02:18,50:16,0,true
17:02:19,50:17,0,true
17:02:20,50:18,0,true
17:02:21,50:19,0,true
17:02:22,50:20,0,true
17:02:23,50:21,0,true
17:02:24,50:22,0,true
17:02:25,50:23,0,true
17:02:26,50:24,0,true
17:02:27,50:25,0,true
17:02:28,50:26,0,true
17:02:29,50:27,0,true
17:02:30,50:28,0,true
17:02:31,50:29,0,true
17:02:32,50:30,0,true
17:02:33,50:31,0,true
17:02:34,50:32,0,true
17:02:35,50:33,0,true
17:02:36,50:34,0,true
17:02:37,50:35,0,true
17:02:38,50:36,0,true
17:02:39,50:37,0,true
17:02:40,50:38,0,true
17:02:41,50:39,0,true
17:02:42,50:40,0,true
17:02:43,50:41,0,true
17:02:44,50:42,0,true
17:02:45,50:43,0,true
17:02:46,50:44,0,true
17:02:47,50:45,0,true
17:02:48,50:46,0,true
17:02:49,50:47,0,true
17:02:50,50:48,0,true
17:02:51,50:49,0,true
17:02:52,50:50,0,true
17:02:53,50:51,0,true
17:02:54,50:52,0,true
17:02:55,50:53,0,true
17:02:56,50:54,0,true
17:02:57,50:55,0,true
17:02:58,50:56,0,true
17:02:59,50:57,0,true
17:03:00,50:58,0,true
17:03:01,50:59,0,true
17:03:02,51:00,0,true
17:03:03,51:01,0,true
17:03:04,51:02,0,true
17:03:05,51:03,0,true
17:03:06,51:04,0,true
17:03:07,51:05,0,true
17:03:08,51:06,0,true
17:03:09,51:07,0,true
17:03:10,51:08,0,true
17:03:11,51:09,0,true
17:03:12,51:10,0,true
17:03:13,51:11,0,true
17:03:14,51:12,0,true
17:03:15,51:13,0,true
17:03:16,51:14,0,true
17:03:17,51:15,0,true
17:03:18,51:16,0,true
17:03:19,51:17,0,true
17:03:20,51:18,0,true
17:03:21,51:19,0,true
17:03:22,51:20,0,true
17:03:23,51:21,0,true
17:03:24,51:22,0,true
17:03:25,51:23,0,true
17:03:26,51:24,0,true
17:03:27,51:25,0,true
17:03:28,51:26,0,true
17:03:29,51:27,0,true
17:03:30,51:28,0,true
17:03:31,51:29,0,true
17:03:32,51:30,0,true
17:03:33,51:31,0,true
17:03:34,51:32,0,true
17:03:35,51:33,0,true
17:03:36,51:34,0,true
17:03:37,51:35,0,true
17:03:38,51:36,0,true
17:03:39,51:37,0,true
17:03:40,51:38,0,true
17:03:41,51:39,0,true
17:03:42,51:40,0,true
17:03:43,51:41,0,true
17:03:44,51:42,0,true
17:03:45,51:43,0,true
17:03:46,51:44,0,true
17:03:47,51:45,0,true
17:03:48,51:46,0,true
17:03:49,51:47,0,true
17:03:50,51:48,0,true
17:03:51,51:49,0,true
17:03:52,51:50,0,true
17:03:53,51:51,0,true
17:03:54,51:52,0,true
17:03:55,51:53,0,true
17:03:56,51:54,0,true
17:03:57,51:55,0,true
17:03:58,51:56,0,true
17:03:59,51:57,0,true
17:04:00,51:58,0,true
17:04:01,51:59,0,true
17:04:02,52:00,0,true
17:04:03,52:01,0,true
17:04:04,52:02,0,true
17:04:05,52:03,0,true
17:04:06,52:04,0,true
17:04:07,52:05,0,true
17:04:08,52:06,0,true
17:04:09,52:07,0,true
17:04:10,52:08,0,true
17:04:11,52:09,0,true
17:04:12,52:10,0,true
17:04:13,52:11,0,true
17:04:14,52:12,0,true
17:04:15,52:13,0,true
17:04:16,52:14,0,true
17:04:17,52:15,0,true
17:04:18,52:16,0,true
17:04:19,52:17,0,true
17:04:20,52:18,0,true
17:04:21,52:19,0,true
17:04:22,52:20,0,true
17:04:23,52:21,0,true
17:04:24,52:22,0,true
17:04:25,52:23,0,true
17:04:26,52:24,0,true
17:04:27,52:25,0,true
17:04:28,52:26,0,true
17:04:29,52:27,0,true
17:04:30,52:28,0,true
17:04:31,52:29,0,true
17:04:32,52:30,0,true
17:04:33,52:31,0,true
17:04:34,52:32,0,true
17:04:35,52:33,0,true
17:04:36,52:34,0,true
17:04:37,52:35,0,true
17:04:38,52:36,0,true
17:04:39,52:37,0,true
17:04:40,52:38,0,true
17:04:41,52:39,0,true
17:04:42,52:40,0,true
17:04:43,52:41,0,true
17:04:44,52:42,0,true
17:04:45,52:43,0,true
17:04:46,52:44,0,true
17:04:47,52:45,0,true
17:04:48,52:46,0,true
17:04:49,52:47,0,true
17:04:50,52:48,0,true
17:04:51,52:49,0,true
17:04:52,52:50,0,true
17:04:53,52:51,0,true
17:04:54,52:52,0,true
17:04:55,52:53,0,true
17:04:56,52:54,0,true
17:04:57,52:55,0,true
17:04:58,52:56,0,true
17:04:59,52:57,0,true
17:05:00,52:58,0,true
17:05:01,52:59,0,true
17:05:02,53:00,0,true
17:05:03,53:01,0,true
17:05:04,53:02,0,true
17:05:05,53:03,0,true
17:05:06,53:04,0,true
17:05:07,53:05,0,true
17:05:08,53:06,0,true
17:05:09,53:07,0,true
17:05:10,53:08,0,true
17:05:11,53:09,0,true
17:05:12,53:10,0,true
17:05:13,53:11,0,true
17:05:14,53:12,0,true
17:05:15,53:13,0,true
17:05:16,53:14,0,true
17:05:17,53:15,0,true
17:05:18,53:16,0,true
17:05:19,53:17,0,true
17:05:20,53:18,0,true
17:05:21,53:19,0,true
17:05:22,53:20,0,true
17:05:23,53:21,0,true
17:05:24,53:22,0,true
17:05:25,53:23,0,true
17:05:26,53:24,0,true
17:05:27,53:25,0,true
17:05:28,53:26,0,true
17:05:29,53:27,0,true
17:05:30,53:28,0,true
17:05:31,53:29,0,true
17:05:32,53:30,0,true
17:05:33,53:31,0,true
17:05:34,53:32,0,true
17:05:35,53:33,0,true
17:05:36,53:34,0,true
17:05:37,53:35,0,true
17:05:38,53:36,0,true
17:05:39,53:37,0,true
17:05:40,53:38,0,true
17:05:41,53:39,0,true
17:05:42,53:40,0,true
17:05:43,53:41,0,true
17:05:44,53:42,0,true
17:05:45,53:43,0,true
17:05:46,53:44,0,true
17:05:47,53:45,0,true
17:05:48,53:46,0,true
17:05:49,53:47,0,true
17:05:50,53:48,0,true
17:05:51,53:49,0,true
17:05:52,53:50,0,true
17:05:53,53:51,0,true
17:05:54,53:52,0,true
17:05:55,53:53,0,true
17:05:56,53:54,0,true
17:05:57,53:55,0,true
17:05:58,53:56,0,true
17:05:59,53:57,0,true
17:06:00,53:58,0,true
17:06:01,53:59,0,true
17:06:02,54:00,0,true
17:06:03,54:01,0,true
17:06:04,54:02,0,true
17:06:05,54:03,0,true
17:06:06,54:04,0,true
17:06:07,54:05,0,true
17:06:08,54:06,0,true
17:06:09,54:07,0,true
17:06:10,54:08,0,true
17:06:11,54:09,0,true
17:06:12,54:10,0,true
17:06:13,54:11,0,true
17:06:14,54:12,0,true
17:06:15,54:13,0,true
17:06:16,54:14,0,true
17:06:17,54:15,0,true
17:06:18,54:16,0,true
17:06:19,54:17,0,true
17:06:20,54:18,0,true
17:06:21,54:19,0,true
17:06:22,54:20,0,true
17:06:23,54:21,0,true
17:06:24,54:22,0,true
17:06:25,54:23,0,true
17:06:26,54:24,0,true
17:06:27,54:25,0,true
17:06:28,54:26,0,true
17:06:29,54:27,0,true
17:06:30,54:28,0,true
17:06:31,54:29,0,true
17:06:32,54:30,0,true
17:06:33,54:31,0,true
17:06:34,54:32,0,true
17:06:35,54:33,0,true
17:06:36,54:34,0,true
17:06:37,54:35,0,true
17:06:38,54:36,0,true
17:06:39,54:37,0,true
17:06:40,54:38,0,true
17:06:41,54:39,0,true
17:06:42,54:40,0,true
17:06:43,54:41,0,true
17:06:44,54:42,0,true
17:06:45,54:43,0,true
17:06:46,54:44,0,true
17:06:47,54:45,0,true
17:06:48,54:46,0,true
17:06:49,54:47,0,true
17:06:50,54:48,0,true
17:06:51,54:49,0,true
17:06:52,54:50,0,true
17:06:53,54:51,0,true
17:06:54,54:52,0,true
17:06:55,54:53,0,true
17:06:56,54:54,0,true
17:06:57,54:55,0,true
17:06:58,54:56,0,true
17:06:59,54:57,0,true
17:07:00,54:58,0,true
17:07:01,54:59,0,true
17:07:02,55:00,0,true
17:07:03,55:01,0,true
17:07:04,55:02,0,true
17:07:05,55:03,0,true
17:07:06,55:04,0,true
17:07:07,55:05,0,true
17:07:08,55:06,0,true
17:07:09,55:07,0,true
17:07:10,55:08,0,true
17:07:11,55:09,0,true
17:07:12,55:10,0,true
17:07:13,55:11,0,true
17:07:14,55:12,0,true
17:07:15,55:13,0,true
17:07:16,55:14,0,true
17:07:17,55:15,0,true
17:07:18,55:16,0,true
17:07:19,55:17,0,true
17:07:20,55:18,0,true
17:07:21,55:19,0,true
17:07:22,55:20,0,true
17:07:23,55:21,0,true
17:07:24,55:22,0,true
17:07:25,55:23,0,true
17:07:26,55:24,0,true
17:07:27,55:25,0,true
17:07:28,55:26,0,true
17:07:29,55:27,0,true
17:07:30,55:28,0,true
17:07:31,55:29,0,true
17:07:32,55:30,0,true
17:07:33,55:31,0,true
17:07:34,55:32,0,true
17:07:35,55:33,0,true
17:07:36,55:34,0,true
17:07:37,55:35,0,true
17:07:38,55:36,0,true
17:07:39,55:37,0,true
17:07:40,55:38,0,true
17:07:41,55:39,0,true
17:07:42,55:40,0,true
17:07:43,55:41,0,true
17:07:44,55:42,0,true
17:07:45,55:43,0,true
17:07:46,55:44,0,true
17:07:47,55:45,0,true
17:07:48,55:46,0,true
17:07:49,55:47,0,true
17:07:50,55:48,0,true
17:07:51,55:49,0,true
17:07:52,55:50,0,true
17:07:53,55:51,0,true
17:07:54,55:52,0,true
17:07:55,55:53,0,true
17:07:56,55:54,0,true
17:07:57,55:55,0,true
17:07:58,55:56,0,true
17:07:59,55:57,0,true
17:08:00,55:58,0,true
17:08:01,55:59,0,true
17:08:02,56:00,0,true
17:08:03,56:01,0,true
17:08:04,56:02,0,true
17:08:05,56:03,0,true
17:08:06,56:04,0,true
17:08:07,56:05,0,true
17:08:08,56:06,0,true
17:08:09,56:07,0,true
17:08:10,56:08,0,true
17:08:11,56:09,0,true
17:08:12,56:10,0,true
17:08:13,56:11,0,true
17:08:14,56:12,0,true
17:08:15,56:13,0,true
17:08:16,56:14,0,true
17:08:17,56:15,0,true
17:08:18,56:16,0,true
17:08:19,56:17,0,true
17:08:20,56:18,0,true
17:08:21,56:19,0,true
17:08:22,56:20,0,true
17:08:23,56:21,0,true
17:08:24,56:22,0,true
17:08:25,56:23,0,true
17:08:26,56:24,0,true
17:08:27,56:25,0,true
17:08:28,56:26,0,true
17:08:29,56:27,0,true
17:08:30,56:28,0,true
17:08:31,56:29,0,true
17:08:32,56:30,0,true
17:08:33,56:31,0,true
17:08:34,56:32,0,true
17:08:35,56:33,0,true
17:08:36,56:34,0,true
17:08:37,56:35,0,true
17:08:38,56:36,0,true
17:08:39,56:37,0,true
17:08:40,56:38,0,true
17:08:41,56:39,0,true
17:08:42,56:40,0,true
17:08:43,56:41,0,true
17:08:44,56:42,0,true
17:08:45,56:43,0,true
17:08:46,56:44,0,true
17:08:47,56:45,0,true
17:08:48,56:46,0,true
17:08:49,56:47,0,true
17:08:50,56:48,0,true
17:08:51,56:49,0,true
17:08:52,56:50,0,true
17:08:53,56:51,0,true
17:08:54,56:52,0,true
17:08:55,56:53,0,true
17:08:56,56:54,0,true
17:08:57,56:55,0,true
17:08:58,56:56,0,true
17:08:59,56:57,0,true
17:09:00,56:58,0,true
17:09:01,56:59,0,true
17:09:02,57:00,0,true
17:09:03,57:01,0,true
17:09:04,57:02,0,true
17:09:05,57:03,0,true
17:09:06,57:04,0,true
17:09:07,57:05,0,true
17:09:08,57:06,0,true
17:09:09,57:07,0,true
17:09:10,57:08,0,true
17:09:11,57:09,0,true
17:09:12,57:10,0,true
17:09:13,57:11,0,true
17:09:14,57:12,0,true
17:09:15,57:13,0,true
17:09:16,57:14,0,true
17:09:17,57:15,0,true
17:09:18,57:16,0,true
17:09:19,57:17,0,true
17:09:20,57:18,0,true
17:09:21,57:19,0,true
17:09:22,57:20,0,true
17:09:23,57:21,0,true
17:09:24,57:22,0,true
17:09:25,57:23,0,true
17:09:26,57:24,0,true
17:09:27,57:25,0,true
17:09:28,57:26,0,true
17:09:29,57:27,0,true
17:09:30,57:28,0,true
17:09:31,57:29,0,true
17:09:32,57:30,0,true
17:09:33,57:31,0,true
17:09:34,57:32,0,true
17:09:35,57:33,0,true
17:09:36,57:34,0,true
17:09:37,57:35,0,true
17:09:38,57:36,0,true
17:09:39,57:37,0,true
17:09:40,57:38,0,true
17:09:41,57:39,0,true
17:09:42,57:40,0,true
17:09:43,57:41,0,true
17:09:44,57:42,0,true
17:09:45,57:43,0,true
17:09:46,57:44,0,true
17:09:47,57:45,0,true
17:09:48,57:46,0,true
17:09:49,57:47,0,true
17:09:50,57:48,0,true
17:09:51,57:49,0,true
17:09:52,57:50,0,true
17:09:53,57:51,0,true
17:09:54,57:52,0,false
17:09:55,57:53,0,false
17:09:56,57:54,0,false
17:09:57,57:55,0,false
17:09:58,57:56,0,false
17:09:59,57:57,0,false
17:10:00,57:58,0,false
17:10:01,57:59,0,false
17:10:02,58:00,0,false
17:10:03,58:01,0,false